0.082050,-0.091584
0.078103,-0.081707
0.075132,-0.071796
0.072541,-0.061927
0.070656,-0.052038
0.068938,-0.042337
0.067554,-0.032833
0.066640,-0.023501
0.065703,-0.014647
0.065150,-0.006127
0.064506,0.001736
0.064191,0.009116
0.063740,0.015704
0.063581,0.021693
0.063257,0.026808
0.063001,0.031152
0.062999,0.034806
0.062802,0.037569
0.062847,0.039637
0.062685,0.040868
0.062758,0.041441
0.062618,0.041273
0.062506,0.040484
0.062617,0.039152
0.062505,0.037278
0.062615,0.034968
0.062501,0.032269
0.062609,0.029253
0.062493,0.026003
0.062599,0.022557
0.062482,0.019027
0.020392,0.023028
0.020517,0.021621
0.020617,0.020130
0.020696,0.018566
0.020758,0.016939
0.020807,0.015259
0.020646,0.013603
0.020717,0.011851
0.020773,0.010077
0.006824,0.013460
0.009658,0.011735
0.011726,0.010005
0.013579,0.008138
0.015061,0.006236
0.016247,0.004320
0.017195,0.002407
0.017754,0.000603
0.018400,-0.001258
0.018918,-0.003075
0.059262,0.740770
0.062104,0.802084
0.065786,0.845376
0.069917,0.869585
0.074104,0.874561
0.077994,0.861171
0.081298,0.831220
0.083823,0.787204
0.085471,0.731996
0.086236,0.668517
0.086189,0.599482
0.085449,0.527244
0.084166,0.453729
0.082498,0.380451
0.080600,0.308566
0.078610,0.238946
0.076644,0.172259
0.074798,0.109031
0.073142,0.049696
0.071725,-0.005369
0.070575,-0.055821
0.069701,-0.101353
0.069097,-0.141688
0.068743,-0.176594
0.068607,-0.205900
0.068653,-0.229504
0.068837,-0.247392
0.069116,-0.259644
0.069448,-0.266437
0.069794,-0.268045
0.070121,-0.264826
0.070402,-0.257214
0.070619,-0.245699
0.070762,-0.230809
0.070826,-0.213093
0.070610,-0.276766
0.052117,-0.809570
0.057677,-0.865400
0.063521,-0.899796
0.069269,-0.912257
0.074553,-0.903533
0.079064,-0.875572
0.082585,-0.831234
0.085013,-0.773890
0.086348,-0.707000
0.086680,-0.633779
0.086158,-0.556986
0.084965,-0.478845
0.083292,-0.401065
0.081324,-0.324913
0.079223,-0.251314
0.077127,-0.180950
0.075147,-0.114338
0.073366,-0.051900
0.071840,0.006001
0.070601,0.059034
0.069661,0.106893
0.069015,0.149298
0.068640,0.186010
0.068504,0.216844
0.068567,0.241689
0.068781,0.260522
0.069098,0.273422
0.069472,0.280568
0.069860,0.282246
0.070226,0.278833
0.070540,0.270786
0.070783,0.258625
0.070943,0.242911
0.071016,0.224226
0.071005,0.203159
0.070920,0.180286
0.070772,0.156161
0.070578,0.131306
0.070354,0.106208
0.070116,0.081308
0.069879,0.057008
0.069654,0.033662
0.069453,0.011584
0.069283,-0.008960
0.069148,-0.027747
0.069050,-0.044597
0.068987,-0.059376
0.068957,-0.071992
0.068955,-0.082392
0.068976,-0.090569
0.069014,-0.096550
0.069062,-0.100399
0.069115,-0.102214
0.069167,-0.102119
0.069214,-0.100265
0.069253,-0.096820
0.069282,-0.091968
0.069300,-0.085905
0.069306,-0.078830
0.064290,-0.404944
0.048963,-0.744523
0.054088,-0.811968
0.059668,-0.859296
0.065365,-0.885388
0.070820,-0.890238
0.075702,-0.875034
0.079749,-0.842012
0.082794,-0.794146
0.084777,-0.734745
0.085730,-0.667086
0.085764,-0.594131
0.085033,-0.518381
0.083720,-0.441829
0.082005,-0.365998
0.080061,-0.292022
0.078036,-0.220739
0.076056,-0.152778
0.074217,-0.088634
0.072592,-0.028716
0.071225,0.026616
0.070142,0.077033
0.069347,0.122233
0.068830,0.161950
0.068565,0.195964
0.068517,0.224121
0.068644,0.246343
0.068900,0.262648
0.069238,0.273153
0.069613,0.278079
0.069988,0.277743
0.070329,0.272551
0.070611,0.262981
0.070818,0.249561
0.070941,0.232856
0.070980,0.213444
0.070941,0.191901
0.070833,0.168788
0.070670,0.144642
0.070468,0.119964
0.070243,0.095217
0.070010,0.070824
0.060312,0.829304
0.067276,0.886995
0.074356,0.917557
0.081279,0.922128
0.087225,0.900251
0.092070,0.856676
0.095620,0.795757
0.098034,0.722339
0.063959,0.641467
0.062715,0.587019
0.060962,0.531789
0.059217,0.475925
0.057113,0.420701
0.055158,0.365470
0.053173,0.311036
0.051030,0.258490
0.049199,0.206399
0.047483,0.155746
0.045734,0.107679
0.044385,0.060395
0.043224,0.015059
0.042081,-0.027126
0.041362,-0.068045
0.040656,-0.105436
0.040361,-0.141137
0.040238,-0.173872
0.040087,-0.202542
0.040297,-0.228830
0.040616,-0.251591
0.040829,-0.269963
0.041329,-0.285421
0.041662,-0.296494
0.042229,-0.304491
0.042770,-0.308772
0.043067,-0.309084
0.043539,-0.306436
0.043931,-0.300556
0.044035,-0.291548
0.044287,-0.280049
0.044240,-0.266112
0.044341,-0.250107
0.044350,-0.232262
0.023135,-0.232385
0.023114,-0.221196
0.023048,-0.209157
0.022943,-0.196367
0.022805,-0.182920
0.022445,-0.169351
0.022303,-0.154889
0.022139,-0.140026
0.021961,-0.124849
0.021775,-0.109441
0.021392,-0.094494
0.021246,-0.078864
0.021100,-0.063224
0.020958,-0.047650
0.020825,-0.032213
0.020513,-0.017671
0.020448,-0.002698
0.020393,0.011942
0.020352,0.026187
0.020326,0.039973
0.020317,0.053243
0.020133,0.065277
0.020197,0.077382
0.020270,0.088812
0.020353,0.099523
0.020445,0.109471
0.020351,0.118064
0.020496,0.126420
0.020640,0.133912
0.020781,0.140518
0.020919,0.146221
0.021052,0.151009
0.020981,0.154521
0.021140,0.157512
0.021282,0.159583
0.021407,0.160744
0.021517,0.161014
0.021410,0.160256
0.021526,0.158854
0.021618,0.156633
0.021688,0.153627
0.021737,0.149878
0.000000,0.000000
0.000000,0.000000
0.000000,0.000000
0.000000,0.000000
0.000000,0.000000
0.000000,0.000000
0.000000,0.000000
0.000000,0.000000
0.000000,0.000000
0.000000,0.000000
0.000000,0.000000
0.000000,0.000000
0.000000,0.000000
0.000000,0.000000
0.000000,0.000000
0.000000,0.000000
0.000000,0.000000
0.000000,0.000000
0.000000,0.000000
0.000000,0.000000
0.000000,0.000000
0.000000,0.000000
0.000000,0.000000
0.000000,0.000000
0.000000,0.000000
0.000000,0.000000
0.000000,0.000000
0.000000,0.000000
0.000000,0.000000
0.000000,0.000000
0.144172,0.154217
0.119516,0.130181
0.099718,0.122613
0.083707,0.110302
0.071082,0.093341
0.060737,0.093011
0.052674,0.088298
0.067020,0.085309
0.061502,0.089924
0.057125,0.086734
0.053424,0.080737
0.050654,0.077272
0.048198,0.094838
0.046372,0.082065
0.044830,0.089258
0.043652,0.086654
0.042708,0.083460
0.041929,0.093165
0.041157,0.099627
0.040825,0.089727
0.040278,0.097323
0.039910,0.094920
0.039592,0.102851
0.039419,0.100823
0.039254,0.108878
0.039226,0.099145
0.038916,0.106225
0.038722,0.114264
0.038665,0.112272
0.038619,0.109311
0.038577,0.105447
0.038520,0.115579
0.038391,0.108561
0.038438,0.118842
0.038398,0.115892
0.038362,0.111983
0.038327,0.107193
0.038282,0.116910
0.038164,0.113084
0.038063,0.108389
0.037972,0.113554
0.037994,0.109067
0.037999,0.114160
0.038103,0.104454
0.037906,0.108999
0.037836,0.114333
0.037877,0.094627
0.037990,0.108415
0.037825,0.108256
0.072967,0.105348
0.073229,0.121488
0.073503,0.123200
0.073837,0.120959
0.073868,0.147502
0.074181,0.140834
0.074366,0.155455
0.074305,0.173429
0.074468,0.166229
0.074510,0.182209
0.074663,0.197622
0.074715,0.197538
0.074905,0.194930
0.074856,0.207830
0.075005,0.212560
0.075108,0.225071
0.075159,0.220336
0.075342,0.214455
0.075310,0.222494
0.075466,0.232226
0.075587,0.216518
0.075602,0.224135
0.075546,0.229839
0.075766,0.212380
0.075853,0.228318
0.075831,0.216686
0.075949,0.207005
0.075904,0.212803
0.075856,0.199249
0.075954,0.204683
0.076014,0.211429
0.076089,0.198145
0.076292,0.199299
0.076288,0.190760
0.076172,0.201600
0.076327,0.183665
0.076408,0.189572
0.076515,0.196758
0.076687,0.179494
0.076773,0.193494
0.076703,0.182953
0.077000,0.186887
0.077134,0.191962
0.077174,0.177994
0.077342,0.195467
0.077608,0.190979
0.077780,0.185650
0.077858,0.192459
0.078088,0.188701
0.078425,0.194043
0.078659,0.200108
0.043868,0.175151
0.043343,0.186191
0.042747,0.167652
0.042438,0.167337
0.041977,0.168485
0.041781,0.148345
0.041623,0.147072
0.041860,0.135780
0.041819,0.123698
0.041955,0.110758
0.042034,0.097254
0.041869,0.083583
0.041910,0.069482
0.041920,0.055317
0.041711,0.041515
0.041728,0.027668
0.041533,0.014472
0.041570,0.001458
0.041598,-0.010963
0.041423,-0.022397
0.041487,-0.033359
0.041547,-0.043459
0.041405,-0.052364
0.041502,-0.060581
0.041592,-0.067775
0.041477,-0.073695
0.041596,-0.078798
0.041703,-0.082828
0.041598,-0.085627
0.041722,-0.087571
0.041628,-0.088374
0.041757,-0.088340
0.041863,-0.087369
0.041748,-0.085462
0.041855,-0.082813
0.041937,-0.079409
0.020799,-0.076171
0.020885,-0.073819
0.020950,-0.071127
0.020999,-0.068121
0.021034,-0.064824
0.020857,-0.061359
0.020911,-0.057570
0.020950,-0.053565
0.020976,-0.049371
0.020992,-0.045016
0.021001,-0.040527
0.020804,-0.036104
0.020842,-0.031432
0.020870,-0.026704
0.020888,-0.021946
0.020901,-0.017184
0.020709,-0.012651
0.020754,-0.007954
0.020788,-0.003325
0.020816,0.001214
0.020837,0.005640
0.020855,0.009933
0.020671,0.013865
0.020724,0.017843
0.020768,0.021634
0.020806,0.025223
0.020838,0.028594
0.020865,0.031736
0.020691,0.034464
0.020753,0.037127
0.020805,0.039531
0.020849,0.041669
0.020887,0.043537
0.020719,0.045006
0.020787,0.046338
0.020843,0.047392
0.020890,0.048170
0.020928,0.048674
0.020960,0.048909
0.020786,0.048826
0.020847,0.048552
0.020896,0.048026
0.020935,0.047258
0.000000,0.000000
0.000000,0.000000
0.000000,0.000000
0.000000,0.000000
0.000000,0.000000
0.000000,0.000000
0.000000,0.000000
0.000000,0.000000
0.000000,0.000000
0.000000,0.000000
0.000000,0.000000
0.000000,0.000000
0.000000,0.000000
0.000000,0.000000
0.000000,0.000000
0.000000,0.000000
0.000000,0.000000
0.000000,0.000000
0.000000,0.000000
0.000000,0.000000
0.000000,0.000000
0.000000,0.000000
0.000000,0.000000
0.000000,0.000000
0.000000,0.000000
0.000000,0.000000
0.000000,0.000000
0.000000,0.000000
0.000000,0.000000
0.000000,0.000000
0.142549,0.032839
0.117847,0.025019
0.098081,0.019030
0.082267,0.014167
0.069613,0.010026
0.059490,0.006364
0.051326,-0.006086
0.065815,-0.029316
0.060256,-0.035125
0.055728,-0.051755
0.052206,-0.058163
0.049389,-0.065072
0.046757,-0.091230
0.045192,-0.089363
0.043658,-0.092641
0.042522,-0.109492
0.041580,-0.112400
0.040912,-0.129102
0.040347,-0.133352
0.039815,-0.147532
0.039551,-0.150964
0.039429,-0.141543
0.039082,-0.162592
0.039040,-0.166433
0.038864,-0.163398
0.038826,-0.175449
0.038816,-0.160018
0.038768,-0.180236
0.038825,-0.166803
0.038722,-0.172345
0.038702,-0.178285
0.038814,-0.162645
0.038776,-0.169534
0.038635,-0.170033
0.038789,-0.156281
0.059629,-0.162358
0.059236,-0.150096
0.058906,-0.152687
0.058520,-0.163026
0.058385,-0.140861
0.058173,-0.154967
0.057997,-0.143865
0.057840,-0.142645
0.057796,-0.147214
0.057675,-0.136163
0.057568,-0.140808
0.057401,-0.140584
0.057364,-0.140401
0.057434,-0.136075
0.057306,-0.146025
0.057432,-0.126140
0.057403,-0.141438
0.057449,-0.131877
0.057469,-0.138235
0.057444,-0.138467
0.057544,-0.136166
0.057459,-0.135994
0.057505,-0.143374
0.057526,-0.143885
0.057674,-0.142748
0.057638,-0.142548
0.057742,-0.141152
0.057674,-0.140364
0.057745,-0.147688
0.057814,-0.147312
0.058010,-0.146610
0.058026,-0.145373
0.058182,-0.144269
0.058168,-0.143172
0.057996,-0.158276
0.058093,-0.142026
0.057962,-0.156175
0.058082,-0.149188
0.057880,-0.146600
0.057865,-0.153206
0.057906,-0.153465
0.071820,-0.157699
0.072723,-0.161239
0.073514,-0.158359
0.073993,-0.176932
0.074574,-0.175450
0.074927,-0.178651
0.075279,-0.186175
0.075396,-0.189155
0.075585,-0.191518
0.075847,-0.188313
0.075933,-0.199544
0.076066,-0.200825
0.076268,-0.207827
0.076326,-0.204260
0.076291,-0.203504
0.076360,-0.212959
0.076531,-0.208497
0.076579,-0.214153
0.076555,-0.200778
0.076646,-0.218764
0.076853,-0.211303
0.076754,-0.209614
0.077032,-0.200653
0.076986,-0.206259
0.077083,-0.210890
0.077130,-0.204687
0.077112,-0.210278
0.077292,-0.192494
0.077371,-0.206905
0.077437,-0.200714
0.077467,-0.194041
0.077662,-0.197718
0.080428,-0.179347
0.081183,-0.158395
0.081725,-0.135927
0.082099,-0.112618
0.082542,-0.088919
0.082650,-0.065685
0.082702,-0.043244
0.082718,-0.021993
0.082917,-0.002052
0.082873,0.015864
0.082842,0.031781
0.082827,0.045558
0.083029,0.057299
0.083007,0.066557
0.083005,0.073573
0.083019,0.078409
0.083242,0.081289
0.083230,0.082073
0.083227,0.081083
0.083227,0.078504
0.083426,0.074579
0.083345,0.091281
0.082622,0.121068
0.081837,0.152780
0.081217,0.188923
0.080428,0.223136
0.079880,0.261898
0.079257,0.298323
0.078808,0.333803
0.078713,0.357071
0.078573,0.387654
0.078574,0.420500
0.078688,0.446465
0.079258,0.454527
0.079176,0.488019
0.079830,0.484896
0.079952,0.511398
0.080747,0.501858
0.081043,0.519690
0.081618,0.503836
0.081833,0.508419
0.082228,0.503250
0.082489,0.504717
0.082746,0.480224
0.082723,0.485298
0.082940,0.458351
0.082927,0.464265
0.082878,0.446394
0.082698,0.433279
0.082632,0.419522
0.082668,0.410859
0.082560,0.407655
0.082585,0.397539
0.082339,0.388044
0.082532,0.379257
0.082467,0.374395
0.082424,0.372437
0.082643,0.367282
0.082686,0.365427
0.083028,0.361688
0.083224,0.360438
0.084765,0.345266
0.085315,0.308313
0.085555,0.268358
0.085543,0.226655
0.085543,0.184076
0.085178,0.142069
0.084753,0.101254
0.084512,0.061974
0.084058,0.025539
0.083664,-0.007941
0.083347,-0.038096
0.083311,-0.065007
0.083120,-0.087698
0.083014,-0.106476
0.083177,-0.121614
0.083158,-0.132508
0.083186,-0.139648
0.083244,-0.143226
0.083515,-0.143660
0.083547,-0.140869
0.083577,-0.135416
0.083796,-0.127724
0.083760,-0.118016
0.083714,-0.106780
0.083657,-0.094396
0.083790,-0.081176
0.083675,-0.067557
0.083564,-0.053830
0.083460,-0.040287
0.083563,-0.027075
0.083437,-0.014652
0.083331,-0.003094
0.083445,0.007565
0.076345,0.012690
0.066471,0.014796
0.058773,0.016901
0.055212,0.020313
0.052566,0.023478
0.057445,0.029753
0.058354,0.033541
0.059285,0.036613
0.066830,0.041404
0.066073,0.042337
0.065269,0.042516
0.071826,0.043609
0.074074,0.042750
0.075873,0.040966
0.077311,0.038398
0.078660,0.035191
0.079537,0.031478
0.080237,0.027410
0.080995,0.023093
0.081399,0.018689
0.081720,0.014291
0.081976,0.009993
0.082380,0.005842
0.082502,0.001988
0.082599,-0.001550
0.082877,-0.004767
0.082900,-0.007545
0.082919,-0.009908
0.082934,-0.011844
0.083147,-0.013385
0.083118,-0.014470
0.083095,-0.015153
0.083277,-0.015480
0.083223,-0.015431
0.083180,-0.015067
0.083146,-0.014425
0.083318,-0.013550
0.083256,-0.012468
0.083206,-0.011229
0.083366,-0.009871
0.083293,-0.008436
0.083235,-0.006962
0.083188,-0.005482
0.083351,-0.004015
0.083280,-0.002613
0.083224,-0.001289
0.083179,-0.000062
0.083343,0.001065
0.083274,0.002050
0.083219,0.002901
0.083375,0.003624
0.083300,0.004192
0.076240,0.004274
0.073592,0.004463
0.071274,0.004571
0.069619,0.004617
0.068095,0.004591
0.060077,0.004358
0.060461,0.004260
0.053769,0.004027
0.051416,0.003830
0.049533,0.003614
0.047826,0.003381
0.046661,0.003132
0.038729,0.002951
0.039183,0.002694
0.039747,0.002415
0.040197,0.002122
0.040358,0.001824
0.033686,0.001703
0.035349,0.001394
0.036479,0.001086
0.037583,0.000771
0.038267,0.000466
0.032013,0.000399
0.029811,0.000241
0.028049,0.000087
0.026639,-0.000061
0.025311,-0.000197
0.017449,-0.000096
0.018159,-0.000237
0.018727,-0.000375
0.019182,-0.000508
0.019345,-0.000628
0.012676,-0.000524
0.014341,-0.000649
0.015673,-0.000767
0.016738,-0.000877
0.017591,-0.000981
0.018072,-0.001070
0.018658,-0.001158
0.005113,-0.088393
0.004152,-0.087881
0.003384,-0.087467
0.002768,-0.087131
0.002275,-0.086856
0.001880,-0.086631
0.000000,0.000000
0.001564,-0.086444
0.000000,0.000000
0.000000,0.000000
0.000000,0.000000
0.001311,-0.086289
0.000000,0.000000
0.070474,0.060376
0.072975,0.068386
0.075191,0.074287
0.076776,0.077843
0.078054,0.079344
0.079083,0.078957
0.080109,0.076933
0.080730,0.073346
0.081225,0.068509
0.081816,0.062657
0.082082,0.055994
0.082289,0.048765
0.082447,0.041181
0.082768,0.033391
0.082819,0.025666
0.082855,0.018126
0.083080,0.010845
0.083059,0.004082
0.048054,0.010168
0.046841,0.006559
0.045669,0.003160
0.044932,-0.000163
0.044342,-0.003314
0.043670,-0.006199
0.043333,-0.008953
0.043063,-0.011482
0.042649,-0.013703
0.042518,-0.015747
0.042414,-0.017529
0.042131,-0.018988
0.042106,-0.020241
0.042087,-0.021222
0.041872,-0.021893
0.041900,-0.022349
0.041724,-0.022518
0.041782,-0.022477
0.041830,-0.022201
0.041667,-0.021690
0.041738,-0.020993
0.041793,-0.020106
0.041638,-0.019051
0.041713,-0.017846
0.041773,-0.016509
0.041620,-0.015076
0.041698,-0.013539
0.041559,-0.011954
0.041648,-0.010296
0.041719,-0.008606
0.041575,-0.006936
0.041660,-0.005241
0.041727,-0.003570
0.041581,-0.001975
0.041664,-0.000399
0.041730,0.001107
0.041583,0.002496
0.041666,0.003829
0.041732,0.005059
0.041585,0.006146
0.041668,0.007151
0.041534,0.008003
0.076625,0.013482
0.077901,0.014279
0.079122,0.014711
0.079899,0.014759
0.080520,0.014483
0.081218,0.013931
0.081576,0.013120
0.081862,0.012105
0.082091,0.010929
0.082473,0.009627
0.082579,0.008246
0.082664,0.006820
0.082931,0.005376
0.082945,0.003962
0.082956,0.002597
0.082965,0.001306
0.083172,0.000096
0.083137,-0.000991
0.083109,-0.001955
0.083287,-0.002801
0.083230,-0.003497
0.083184,-0.004055
0.083147,-0.004478
0.083318,-0.004776
0.083254,-0.004938
0.083204,-0.004983
0.083363,-0.004925
0.083291,-0.004765
0.083233,-0.004521
0.083186,-0.004207
0.083349,-0.003835
0.083279,-0.003417
0.083224,-0.002968
0.083379,-0.002498
0.083303,-0.002021
0.083243,-0.001548
0.083194,-0.001086
0.083355,-0.000642
0.083284,-0.000229
0.083227,0.000149
0.083182,0.000489
0.083345,0.000791
0.083276,0.001044
0.083221,0.001252
0.083377,0.001418
0.083301,0.001535
0.083241,0.001609
0.083193,0.001644
0.083354,0.001643
0.083284,0.001605
0.083227,0.001538
0.083381,0.001446
0.083305,0.001332
0.083244,0.001201
0.083195,0.001058
0.083356,0.000905
0.083285,0.000749
0.083228,0.000591
0.083382,0.000435
0.083306,0.000286
0.083245,0.000144
0.083196,0.000013
0.083357,-0.000107
0.083285,-0.000213
0.083228,-0.000304
0.083383,-0.000382
0.083306,-0.000443
0.083245,-0.000489
0.083196,-0.000521
0.083357,-0.000540
0.083285,-0.000545
0.083228,-0.000538
0.083383,-0.000521
0.083306,-0.000494
0.083245,-0.000460
0.083196,-0.000420
0.083357,-0.000374
0.083285,-0.000325
0.083228,-0.000274
0.083383,-0.000222
0.083306,-0.000170
0.083245,-0.000119
0.083196,-0.000071
0.083357,-0.000026
0.083285,0.000016
0.083228,0.000053
0.083383,0.000086
0.083306,0.000114
0.083245,0.000136
0.083196,0.000154
0.083357,0.000168
0.083285,0.000176
0.083228,0.000180
0.083383,0.000179
0.083306,0.000175
0.083245,0.000168
0.083196,0.000158
0.083357,0.000146
0.083285,0.000131
0.083228,0.000116
0.083383,0.000099
0.083306,0.000082
0.083245,0.000065
0.083196,0.000048
0.083357,0.000031
0.083285,0.000016
0.083228,0.000002
0.083383,-0.000012
0.083306,-0.000023
0.083245,-0.000033
0.083196,-0.000041
0.083357,-0.000048
0.083285,-0.000053
0.083228,-0.000057
0.083383,-0.000059
0.083306,-0.000059
0.083245,-0.000059
0.083196,-0.000057
0.083357,-0.000054
0.083285,-0.000050
0.083228,-0.000046
0.083383,-0.000041
0.083306,-0.000036
0.083245,-0.000030
0.083196,-0.000024
0.083357,-0.000019
0.083285,-0.000013
0.083228,-0.000008
0.083383,-0.000003
0.083306,0.000002
0.083245,0.000006
0.083196,0.000009
0.083357,0.000012
0.083285,0.000015
0.083228,0.000017
0.083377,0.010688
0.083063,0.033291
0.082783,0.058705
0.082192,0.107607
0.067818,0.114330
0.066168,0.145291
0.064727,0.175220
0.063922,0.185199
0.062762,0.223696
0.062265,0.244115
0.061990,0.248163
0.061389,0.285366
0.061257,0.301741
0.061037,0.322529
0.061192,0.335478
0.061357,0.341084
0.061536,0.353621
0.061477,0.364656
0.061738,0.369059
0.061826,0.381519
0.062208,0.366405
0.062318,0.373504
0.062548,0.370167
0.062633,0.374835
0.062882,0.360006
0.062840,0.352171
0.062724,0.352656
0.062762,0.336170
0.062848,0.333843
0.062747,0.324069
0.062614,0.305240
0.062593,0.319303
0.062468,0.284961
0.062424,0.281960
0.062256,0.281016
0.061985,0.262477
0.061881,0.252333
0.061824,0.252475
0.061688,0.244538
0.061611,0.236846
0.061575,0.223610
0.061444,0.232058
0.061487,0.226822
0.061597,0.227507
0.061509,0.223483
0.061512,0.204201
0.061495,0.224250
0.061666,0.218245
0.061710,0.226353
0.061841,0.224551
0.062088,0.208301
0.062193,0.237136
0.062423,0.223405
0.062533,0.231602
0.062758,0.239019
0.062930,0.234629
0.062760,0.253770
0.062723,0.241302
0.062762,0.259680
0.062688,0.257643
0.062630,0.254413
0.062545,0.262338
0.062306,0.270573
0.062212,0.267443
0.062115,0.274726
0.062175,0.260641
0.061901,0.277632
0.061882,0.275638
0.061679,0.281947
0.061666,0.276844
0.061688,0.273618
0.061540,0.277870
0.061569,0.274844
0.061430,0.282806
0.061330,0.276103
0.061306,0.268075
0.061306,0.279793
0.061175,0.272255
0.061137,0.263424
0.061142,0.275573
0.061050,0.267384
0.061049,0.264244
0.060977,0.254474
0.060979,0.267084
0.060931,0.258160
0.060980,0.255205
0.060962,0.260050
0.060778,0.259535
0.060901,0.240878
0.060947,0.240849
0.058527,0.215425
0.058016,0.184293
0.057253,0.142405
0.056451,0.098113
0.055762,0.059979
0.055022,0.024068
0.054485,-0.014074
0.053544,-0.069356
0.053408,-0.086983
0.052736,-0.139280
0.052494,-0.174599
0.052374,-0.203235
0.052475,-0.233564
0.052452,-0.267248
0.052767,-0.292836
0.053075,-0.315078
0.053478,-0.328093
0.054013,-0.343154
0.054218,-0.371918
0.054967,-0.370559
0.055427,-0.380993
0.056099,-0.379362
0.056334,-0.383208
0.056695,-0.384617
0.057235,-0.367314
0.057553,-0.358414
0.057687,-0.360382
0.057731,-0.336912
0.057661,-0.326585
0.057697,-0.312281
0.057648,-0.312680
0.057640,-0.283562
0.057374,-0.269938
0.057177,-0.241225
0.057065,-0.236940
0.056828,-0.223488
0.056746,-0.207699
0.056334,-0.182293
0.056299,-0.180585
0.070077,-0.150873
0.070668,-0.133219
0.071170,-0.129106
0.073407,-0.101617
0.075331,-0.073769
0.076822,-0.046541
0.077981,-0.020583
0.079090,0.003852
0.079776,0.025789
0.080335,0.045223
0.080709,0.072560
0.080709,0.109514
0.080184,0.156681
0.079413,0.215239
0.079027,0.253018
0.078321,0.309595
0.078213,0.344046
0.077966,0.388100
0.077661,0.433253
0.078171,0.462317
0.078672,0.482103
0.079009,0.511469
0.079484,0.532225
0.080250,0.544160
0.080826,0.555231
0.081630,0.558792
0.082263,0.558320
0.082806,0.547176
0.083181,0.548221
0.083596,0.546754
0.083920,0.519428
0.083920,0.513160
0.084071,0.498355
0.084137,0.484325
0.083868,0.475333
0.083855,0.452833
0.083648,0.429787
0.083300,0.428530
0.083199,0.407655
0.082995,0.397219
0.082675,0.393105
0.082502,0.375437
0.082310,0.357799
0.082129,0.365551
0.082121,0.362007
0.082125,0.359453
0.082183,0.346601
0.082290,0.344148
0.082438,0.353360
0.082705,0.353145
0.083104,0.341906
0.083576,0.318552
0.084426,0.282278
0.084719,0.243414
0.084770,0.203161
0.084643,0.162565
0.084399,0.122530
0.084290,0.083505
0.083925,0.046810
0.083585,0.012655
0.083295,-0.018530
0.083069,-0.046407
0.083110,-0.071076
0.082983,-0.091629
0.082927,-0.108384
0.082928,-0.121346
0.082973,-0.130593
0.083245,-0.136485
0.083294,-0.138746
0.083353,-0.137913
0.083411,-0.134292
0.083458,-0.128219
0.083688,-0.120097
0.083660,-0.110169
0.000000,0.000000
0.000000,0.000000
0.000000,0.000000
0.000000,0.000000
0.000000,0.000000
0.000000,0.000000
0.000000,0.000000
0.000000,0.000000
0.000000,0.000000
0.000000,0.000000
0.000000,0.000000
0.000000,0.000000
0.000000,0.000000
0.000000,0.000000
0.000000,0.000000
0.000000,0.000000
0.000000,0.000000
0.000000,0.000000
0.000000,0.000000
0.000000,0.000000
0.000000,0.000000
0.000000,0.000000
0.000000,0.000000
0.000000,0.000000
0.000000,0.000000
0.000000,0.000000
0.000000,0.000000
0.000000,0.000000
0.000000,0.000000
0.000000,0.000000
0.000000,0.000000
0.000000,0.000000
0.000000,0.000000
0.000000,0.000000
0.000000,0.000000
0.000000,0.000000
0.000000,0.000000
0.000000,0.000000
0.000000,0.000000
0.000000,0.000000
0.000000,0.000000
0.000000,0.000000
0.000000,0.000000
0.000000,0.000000
0.000000,0.000000
0.000000,0.000000
0.000000,0.000000
0.000000,0.000000
0.000000,0.000000
0.000000,0.000000
0.000000,0.000000
0.000000,0.000000
0.000000,0.000000
0.000000,0.000000
0.000000,0.000000
0.000000,0.000000
0.000000,0.000000
0.000000,0.000000
0.000000,0.000000
0.000000,0.000000
0.000000,0.000000
0.000000,0.000000
0.000000,0.000000
0.000000,0.000000
0.000000,0.000000
0.000000,0.000000
0.000000,0.000000
0.000000,0.000000
0.000000,0.000000
0.000000,0.000000
0.000000,0.000000
0.000000,0.000000
0.000000,0.000000
0.000000,0.000000
0.000000,0.000000
0.000000,0.000000
0.000000,0.000000
0.000000,0.000000
0.000000,0.000000
0.000000,0.000000
0.000000,0.000000
0.000000,0.000000
0.000000,0.000000
0.000000,0.000000
0.000000,0.000000
0.000000,0.000000
0.000000,0.000000
0.000000,0.000000
0.000000,0.000000
0.000000,0.000000
0.000000,0.000000
0.000000,0.000000
0.000000,0.000000
0.000000,0.000000
0.000000,0.000000
0.000000,0.000000
0.000000,0.000000
0.000000,0.000000
0.000000,0.000000
0.000000,0.000000
0.000000,0.000000
0.087820,-0.098669
0.051932,-0.092181
0.050009,-0.084333
0.048258,-0.076322
0.047045,-0.068032
0.045864,-0.059688
0.045107,-0.051124
0.044492,-0.042509
0.043792,-0.034069
0.043425,-0.025569
0.042927,-0.017398
0.042723,-0.009285
0.042559,-0.001469
0.042227,0.005810
0.042161,0.012858
0.041911,0.019267
0.041913,0.025346
0.041918,0.030873
0.041727,0.035663
0.041777,0.040013
0.041623,0.043604
0.041703,0.046710
0.041771,0.049176
0.041629,0.050908
0.041719,0.052132
0.041793,0.052745
0.041654,0.052712
0.041743,0.052195
0.041615,0.051116
0.041712,0.049591
0.041789,0.047612
0.041649,0.045226
0.041735,0.042480
0.041602,0.039438
0.041693,0.036106
0.020766,0.037210
0.020623,0.035266
0.020707,0.033135
0.020772,0.030876
0.020823,0.028505
0.020863,0.026039
0.020693,0.023584
0.020755,0.020976
0.020804,0.018317
0.020842,0.015624
0.020871,0.012910
0.020694,0.010307
0.020752,0.007599
0.020797,0.004913
0.020833,0.002263
0.020861,-0.000336
0.020684,-0.002751
0.020743,-0.005217
0.020790,-0.007598
0.020828,-0.009883
0.020858,-0.012063
0.020684,-0.014016
0.020745,-0.015964
0.020794,-0.017782
0.020834,-0.019463
0.020867,-0.021002
0.020695,-0.022304
0.020757,-0.023553
0.020808,-0.024647
0.020850,-0.025585
0.020883,-0.026365
0.020711,-0.026929
0.020774,-0.027402
0.020824,-0.027719
0.020865,-0.027881
0.020898,-0.027892
0.020724,-0.027730
0.020785,-0.027457
0.020834,-0.027044
0.020873,-0.026497
0.020904,-0.025823
0.020728,-0.025037
0.020788,-0.024134
0.020835,-0.023124
0.020872,-0.022015
0.020901,-0.020815
0.020724,-0.019572
0.020781,-0.018221
0.020827,-0.016804
0.020863,-0.015332
0.020891,-0.013813
0.020713,-0.012316
0.000000,0.000000
0.000000,0.000000
0.000000,0.000000
0.000000,0.000000
0.000000,0.000000
0.000000,0.000000
0.000000,0.000000
0.000000,0.000000
0.000000,0.000000
0.000000,0.000000
0.000000,0.000000
0.000000,0.000000
0.000000,0.000000
0.000000,0.000000
0.000000,0.000000
0.000000,0.000000
0.000000,0.000000
0.000000,0.000000
0.000000,0.000000
0.000000,0.000000
0.000000,0.000000
0.000000,0.000000
0.000000,0.000000
0.000000,0.000000
0.000000,0.000000
0.000000,0.000000
0.000000,0.000000
0.000000,0.000000
0.000000,0.000000
0.000000,0.000000
0.145533,0.027780
0.120631,0.024382
0.100708,0.022095
0.084770,0.020498
0.092816,0.023298
0.082656,0.022218
0.074528,0.021271
0.067823,0.009694
0.062460,0.007230
0.058170,0.004924
0.054709,-0.008430
0.051773,-0.011660
0.049622,-0.015124
0.047856,-0.029678
0.046302,-0.033501
0.045194,-0.049216
0.044189,-0.054600
0.043399,-0.058171
0.042893,-0.073825
0.042307,-0.089458
0.042033,-0.084617
0.041569,-0.108675
0.041493,-0.105277
0.041090,-0.116636
0.041072,-0.119654
0.040983,-0.133997
0.040874,-0.134279
0.040967,-0.137209
0.040808,-0.147479
0.040802,-0.147621
0.040748,-0.156849
0.040827,-0.155983
0.040895,-0.153575
0.040897,-0.163168
0.040839,-0.157242
0.040924,-0.165964
0.040918,-0.162119
0.040908,-0.156840
0.040873,-0.160631
0.040931,-0.154643
0.040964,-0.150981
0.040792,-0.149815
0.040909,-0.145931
0.040805,-0.137824
0.040714,-0.138995
0.040706,-0.130803
0.040696,-0.131740
0.040758,-0.127946
0.040601,-0.115286
0.040672,-0.119848
0.040610,-0.111897
0.040543,-0.103207
0.040499,-0.103720
0.040540,-0.100526
0.040378,-0.092709
0.040248,-0.088995
0.040409,-0.085980
0.040368,-0.093399
0.040216,-0.072916
0.040212,-0.079285
0.040112,-0.076795
0.040308,-0.082143
0.040115,-0.071726
0.040121,-0.065599
0.040140,-0.074274
0.040087,-0.070106
0.040043,-0.074485
0.040123,-0.070930
0.040182,-0.066815
0.040229,-0.068558
0.040100,-0.073539
0.040122,-0.070706
0.040118,-0.082672
0.040119,-0.074633
0.040255,-0.078204
0.040217,-0.075596
0.040159,-0.087853
0.040135,-0.079627
0.040223,-0.091737
0.040326,-0.082426
0.040246,-0.087183
0.040290,-0.099878
0.040366,-0.099191
0.040441,-0.089586
0.040316,-0.101233
0.040533,-0.099374
0.040406,-0.104170
0.040470,-0.101836
0.040505,-0.105980
0.040679,-0.111122
0.040709,-0.108758
0.040731,-0.105402
0.040715,-0.116403
0.040766,-0.113986
0.040805,-0.110521
0.040824,-0.112911
0.040991,-0.117185
0.041020,-0.113614
0.041038,-0.109052
0.041029,-0.118642
0.041093,-0.115036
0.041138,-0.110415
0.041167,-0.104877
0.041181,-0.100971
0.040884,-0.085526
0.040782,-0.085669
0.040435,-0.053953
0.040298,-0.041846
0.040115,-0.022891
0.039851,-0.010204
0.039547,0.010400
0.039415,0.030964
0.039239,0.044402
0.038900,0.072491
0.038701,0.094286
0.038925,0.100661
0.038796,0.119376
0.038852,0.138161
0.038664,0.164021
0.038903,0.167575
0.038794,0.182424
0.038899,0.196566
0.039163,0.211166
0.039293,0.224922
0.039431,0.228920
0.039597,0.228821
0.039850,0.245695
0.040023,0.245424
0.040046,0.258436
0.040288,0.256204
0.040489,0.251527
0.040600,0.253975
0.040607,0.252568
0.040803,0.244089
0.040916,0.243130
0.040906,0.238122
0.041057,0.230639
0.040877,0.233633
0.040817,0.217581
0.041009,0.218372
0.040747,0.195480
0.040647,0.199717
0.040800,0.191546
0.040562,0.167591
0.040544,0.176094
0.040386,0.148176
0.040283,0.157045
0.040131,0.144294
0.039994,0.134758
0.040020,0.120101
0.041005,0.095236
0.040891,0.088890
0.040373,0.049715
0.040085,0.030908
0.039838,0.012667
0.039486,-0.014743
0.039326,-0.038046
0.039096,-0.055862
0.038769,-0.082156
0.038491,-0.113902
0.038732,-0.116772
0.038285,-0.159847
0.038596,-0.160985
0.038573,-0.181881
0.038486,-0.213933
0.038868,-0.210304
0.038919,-0.226323
0.039028,-0.247641
0.039255,-0.260008
0.039515,-0.257504
0.039660,-0.273514
0.039966,-0.273904
0.040237,-0.271557
0.040270,-0.289694
0.040349,-0.287459
0.040759,-0.272985
0.040809,-0.279177
0.040908,-0.269850
0.040952,-0.258350
0.040915,-0.269294
0.041077,-0.257825
0.040863,-0.236680
0.040805,-0.236697
0.040712,-0.221821
0.040610,-0.213489
0.040670,-0.213971
0.040351,-0.190943
0.040178,-0.173813
0.040131,-0.180728
0.039818,-0.157484
0.039666,-0.140604
0.039669,-0.148173
0.039385,-0.125540
0.039341,-0.118673
0.039210,-0.120201
0.039001,-0.098684
0.039024,-0.093469
0.038920,-0.090044
0.038701,-0.085000
0.038588,-0.064839
0.038752,-0.071191
0.038572,-0.061919
0.038447,-0.058478
0.038551,-0.069701
0.038365,-0.054231
0.038320,-0.046785
0.038335,-0.064910
0.038289,-0.051362
0.038360,-0.056007
0.038314,-0.051993
0.038279,-0.062915
0.038351,-0.055997
0.038201,-0.072340
0.038407,-0.067515
0.038376,-0.065632
0.038325,-0.078080
0.038393,-0.088301
0.038457,-0.074033
0.038258,-0.100504
0.038502,-0.087763
0.038474,-0.100245
0.038599,-0.107512
0.038476,-0.110756
0.038588,-0.110346
0.038626,-0.122706
0.038824,-0.130824
0.038837,-0.119679
0.038746,-0.141236
0.038903,-0.141325
0.039035,-0.140015
0.039099,-0.148452
0.039163,-0.148429
0.039428,-0.143498
0.039344,-0.162712
0.039533,-0.160996
0.039691,-0.156292
0.039572,-0.163821
0.039704,-0.159765
0.039803,-0.154301
0.039818,-0.170402
0.040087,-0.165895
0.040100,-0.149929
0.040229,-0.173939
0.040236,-0.158817
0.040389,-0.151324
0.040496,-0.153568
0.040981,-0.145679
0.041148,-0.136600
0.041458,-0.126426
0.076439,-0.093959
0.077990,-0.073576
0.078997,-0.053442
0.079777,-0.033908
0.080384,-0.015380
0.081061,0.002004
0.081401,0.017583
0.081677,0.031370
0.081907,0.043236
0.082103,0.053105
0.082472,0.061106
0.082581,0.066924
0.082679,0.070806
0.082767,0.072852
0.083044,0.073275
0.083070,0.072031
0.083092,0.069406
0.083109,0.065586
0.083320,0.060776
0.083284,0.055125
0.083250,0.048862
0.083217,0.042175
0.083386,0.035204
0.083315,0.028186
0.083255,0.021243
0.083203,0.014511
0.083159,0.008110
0.083322,0.002078
0.083253,-0.003371
0.083197,-0.008239
0.083153,-0.012481
0.083319,-0.016125
0.083254,-0.019033
0.083203,-0.021275
0.083163,-0.022867
0.083333,-0.023874
0.083269,-0.024250
0.083219,-0.024089
0.083179,-0.023444
0.083347,-0.022388
0.083281,-0.020948
0.083228,-0.019211
0.083186,-0.017238
0.083151,-0.015094
0.083322,-0.012827
0.083259,-0.010514
0.083207,-0.008201
0.083166,-0.005934
0.083333,-0.003737
0.083266,-0.001687
0.083212,0.000206
0.083169,0.001917
0.083335,0.003448
0.083267,0.004744
0.083214,0.005820
0.083171,0.006675
0.083337,0.007327
0.083269,0.007750
0.083216,0.007972
0.083173,0.008009
0.083139,0.007876
0.083312,0.007599
0.083250,0.007182
0.083200,0.006656
0.083160,0.006042
0.083329,0.005359
0.083263,0.004628
0.083211,0.003871
0.083169,0.003104
0.083335,0.002339
0.083268,0.001603
0.083214,0.000902
0.083171,0.000249
0.083137,-0.000349
0.083310,-0.000890
0.083248,-0.001356
0.083198,-0.001749
0.083158,-0.002070
0.083327,-0.002323
0.083261,-0.002498
0.083209,-0.002605
0.083167,-0.002649
0.083334,-0.002636
0.083267,-0.002566
0.083214,-0.002450
0.083171,-0.002294
0.083337,-0.002106
0.083270,-0.001890
0.083216,-0.001656
0.083173,-0.001410
0.083138,-0.001157
0.083310,-0.000903
0.083248,-0.000654
0.083199,-0.000416
0.083159,-0.000192
0.083327,0.000018
0.083262,0.000206
0.083209,0.000371
0.083167,0.000514
0.083334,0.000634
0.083267,0.000728
0.083214,0.000799
0.083171,0.000846
0.083337,0.000872
0.083269,0.000876
0.083216,0.000862
0.083172,0.000831
0.083138,0.000786
0.083310,0.000730
0.083248,0.000662
0.083199,0.000588
0.083159,0.000508
0.083327,0.000425
0.083262,0.000341
0.083209,0.000258
0.083167,0.000178
0.083334,0.000100
0.083267,0.000029
0.083214,-0.000037
0.083171,-0.000095
0.083337,-0.000147
0.083269,-0.000190
0.083216,-0.000226
0.083172,-0.000253
0.083138,-0.000272
0.083310,-0.000285
0.083248,-0.000290
0.083199,-0.000288
0.083159,-0.000281
0.083327,-0.000268
0.083262,-0.000251
0.083209,-0.000231
0.083167,-0.000207
0.083334,-0.000182
0.083215,0.033474
0.075500,0.185827
0.067270,0.350816
0.058950,0.462638
0.053279,0.550670
0.059057,0.613014
0.064473,0.657009
0.069386,0.684682
0.074250,0.687682
0.078320,0.680103
0.081399,0.668582
0.084415,0.621438
0.086181,0.586548
0.087324,0.537468
0.087683,0.485186
0.087637,0.421832
0.087175,0.365018
0.086451,0.299174
0.085509,0.259576
0.084276,0.192233
0.083214,0.150780
0.082269,0.096805
0.081365,0.062863
0.080253,0.011259
0.079817,-0.014852
0.079391,-0.042549
0.078845,-0.072658
0.078556,-0.090952
0.078523,-0.104277
0.078406,-0.112658
0.078499,-0.116187
0.078463,-0.114989
0.078263,-0.118710
0.078440,-0.111203
0.078437,-0.100083
0.078278,-0.087116
0.078274,-0.070843
0.078123,-0.061303
0.077974,-0.044189
0.077977,-0.024635
0.077788,0.002708
0.077793,-0.000541
0.077543,0.040396
0.077647,0.036699
0.077481,0.069595
0.077467,0.069923
0.077388,0.100760
0.077512,0.091852
0.077413,0.109967
0.077391,0.127805
0.077569,0.123014
0.077498,0.127589
0.077532,0.149386
0.077708,0.131206
0.077674,0.139930
0.077735,0.142548
0.077696,0.140699
0.077845,0.131664
0.077941,0.130473
0.077918,0.119343
0.077869,0.132213
0.077833,0.111851
0.077874,0.108581
0.077792,0.095867
0.077725,0.097837
0.077744,0.095714
0.077651,0.084163
0.077568,0.077273
0.077676,0.075369
0.077654,0.064387
0.077651,0.073525
0.077451,0.059287
0.077556,0.054516
0.077369,0.049938
0.077406,0.066200
0.077441,0.045128
0.077375,0.051666
0.077414,0.044955
0.077446,0.058868
0.077321,0.047996
0.077477,0.048067
0.077337,0.057204
0.077343,0.056986
0.077533,0.059081
0.077432,0.054726
0.077340,0.064242
0.077401,0.060371
0.077439,0.066345
0.077414,0.065816
0.077580,0.068393
0.077450,0.078077
0.077512,0.063590
0.077583,0.079052
0.077549,0.078021
0.077708,0.080827
0.077597,0.078838
0.077702,0.073139
0.077775,0.077361
0.077781,0.082186
0.077737,0.087480
0.077671,0.084665
0.077811,0.078447
0.077913,0.082162
0.077957,0.075443
0.077971,0.089888
0.077935,0.073107
0.077912,0.089176
0.043040,0.066859
0.042241,0.074333
0.041760,0.068608
0.041172,0.075278
0.040672,0.063055
0.040487,0.055929
0.040157,0.063126
0.040048,0.059329
0.039954,0.053396
0.039681,0.050339
0.039649,0.043810
0.039444,0.051290
0.039419,0.037010
0.039455,0.042508
0.039439,0.037380
0.039228,0.034752
0.039253,0.030720
0.039270,0.026564
0.039282,0.022329
0.039307,0.029129
0.039272,0.015697
0.039300,0.022349
0.039284,0.019911
0.039270,0.017386
0.039263,0.025930
0.039231,0.014080
0.039225,0.011251
0.039230,0.020400
0.039409,0.018830
0.039353,0.017786
0.039308,0.016616
0.039272,0.016172
0.039437,0.025262
0.039366,0.014514
0.039315,0.024509
0.039467,0.024187
0.039387,0.024599
0.018525,0.021700
0.018629,0.021874
0.018912,0.021614
0.019138,0.020784
0.019119,0.020658
0.019288,0.028835
0.019447,0.021705
0.019566,0.020400
0.019450,0.028577
0.019573,0.021092
0.019666,0.019907
0.019735,0.027386
0.019795,0.019118
0.019641,0.026767
0.019717,0.027487
0.019778,0.019309
0.019831,0.026199
0.019665,0.017772
0.019743,0.024478
0.019799,0.024670
0.019843,0.024732
0.019879,0.024668
0.019894,0.015282
0.019733,0.021913
0.019791,0.021605
0.019836,0.021195
0.019872,0.020687
0.020101,0.020079
0.020084,0.019386
0.020270,0.018595
0.020419,0.017721
0.020537,0.016771
0.020632,0.015752
0.020507,0.014706
0.020607,0.013576
0.020686,0.012398
0.020750,0.011182
0.020800,0.009935
0.020640,0.008713
0.020712,0.007427
0.020769,0.006131
0.020814,0.004832
0.020851,0.003538
0.020680,0.002313
0.020743,0.001048
0.020793,-0.000193
0.020833,-0.001405
0.000000,0.000000
0.000000,0.000000
0.000000,0.000000
0.000000,0.000000
0.000000,0.000000
0.000000,0.000000
0.000000,0.000000
0.000000,0.000000
0.000000,0.000000
0.000000,0.000000
0.000000,0.000000
0.000000,0.000000
0.000000,0.000000
0.000000,0.000000
0.000000,0.000000
0.000000,0.000000
0.000000,0.000000
0.000000,0.000000
0.000000,0.000000
0.000000,0.000000
0.000000,0.000000
0.000000,0.000000
0.000000,0.000000
0.000000,0.000000
0.000000,0.000000
0.000000,0.000000
0.000000,0.000000
0.000000,0.000000
0.000000,0.000000
0.000000,0.000000
0.143635,-0.026215
0.118716,-0.020448
0.098785,-0.025290
0.082825,-0.014030
0.070064,-0.010908
0.059854,-0.008182
0.072669,0.004790
0.065692,0.019610
0.060165,0.024239
0.055745,0.028447
0.052148,0.043626
0.049350,0.048728
0.047112,0.054447
0.044969,0.079622
0.043749,0.076810
0.042497,0.079315
0.041600,0.095493
0.040829,0.097885
0.040309,0.114185
0.039844,0.118186
0.039398,0.132261
0.039189,0.135709
0.039105,0.126430
0.038801,0.147759
0.038782,0.151994
0.038623,0.149472
0.038600,0.162135
0.038600,0.147416
0.038560,0.168426
0.038629,0.155868
0.038532,0.162337
0.073506,0.183092
0.074090,0.198472
0.074619,0.188545
0.074955,0.201656
0.075209,0.211008
0.075644,0.203159
0.075695,0.225193
0.075966,0.212291
0.076090,0.222471
0.076252,0.217445
0.076457,0.216341
0.076515,0.224842
0.076597,0.233844
0.076787,0.217354
0.076875,0.214191
0.076875,0.213893
0.077089,0.217215
0.077059,0.216858
0.077285,0.204843
0.077265,0.209754
0.077355,0.206677
0.077382,0.212094
0.077544,0.201238
0.077494,0.198232
0.077712,0.202632
0.077757,0.191955
0.077903,0.196605
0.077902,0.186503
0.077727,0.199704
0.077668,0.189844
0.077746,0.189326
0.077555,0.187558
0.077423,0.192651
0.077538,0.187769
0.077224,0.183498
0.077288,0.185037
0.077092,0.199819
0.077139,0.184532
0.077125,0.187136
0.076918,0.186132
0.076812,0.195320
0.076748,0.195186
0.076797,0.189670
0.076717,0.198827
0.076723,0.183057
0.076652,0.201955
0.076633,0.190725
0.076760,0.195363
0.076728,0.200960
0.076615,0.188492
0.076671,0.193018
0.076594,0.201587
0.076659,0.196868
0.076630,0.205206
0.076767,0.189188
0.076823,0.193664
0.076786,0.201057
0.076895,0.207426
0.076977,0.191390
0.076984,0.197327
0.077146,0.202860
0.077268,0.197604
0.077325,0.203016
0.077376,0.197911
0.077601,0.191743
0.077964,0.184599
0.079230,0.165518
0.080185,0.144450
0.081090,0.122005
0.081559,0.099050
0.081885,0.076089
0.082106,0.053635
0.082453,0.031928
0.082513,0.011754
0.082553,-0.006793
0.082585,-0.023477
0.082816,-0.038328
0.082815,-0.050794
0.082828,-0.061047
0.082854,-0.069079
0.083090,-0.075078
0.083093,-0.078794
0.083106,-0.080529
0.083123,-0.080431
0.083341,-0.078742
0.083317,-0.075489
0.083296,-0.070976
0.083275,-0.065417
0.083452,-0.059019
0.083388,-0.051988
0.083330,-0.044543
0.083276,-0.036875
0.083428,-0.029111
0.083344,-0.021518
0.083274,-0.014193
0.083214,-0.007262
0.083365,-0.000760
0.083286,0.005079
0.083223,0.010266
0.083173,0.014754
0.083335,0.018579
0.083266,0.021596
0.083213,0.023883
0.083172,0.025462
0.083340,0.026406
0.083276,0.026669
0.083225,0.026355
0.083185,0.025526
0.083353,0.024259
0.083287,0.022590
0.083233,0.020610
0.083190,0.018389
0.083354,0.015988
0.083285,0.013484
0.083229,0.010937
0.083184,0.008402
0.083347,0.005910
0.083277,0.003548
0.083221,0.001334
0.083176,-0.000700
0.083340,-0.002552
0.083272,-0.004155
0.083217,-0.005521
0.083373,-0.006665
0.083298,-0.007542
0.083239,-0.008182
0.083191,-0.008592
0.083353,-0.008798
0.083283,-0.008789
0.083227,-0.008598
0.000719,-1.047493
0.010895,-1.212329
0.023578,-1.356417
0.038328,-1.468938
0.054301,-1.539992
0.070322,-1.563199
0.085088,-1.537767
0.097449,-1.468964
0.106652,-1.366622
0.112450,-1.242427
0.115043,-1.107296
0.114933,-0.969764
0.112752,-0.835555
0.109133,-0.707935
0.104636,-0.588390
0.099718,-0.477291
0.094729,-0.374415
0.089925,-0.279290
0.085487,-0.191414
0.081530,-0.110366
0.078122,-0.035861
0.075295,0.032240
0.073048,0.093943
0.071357,0.149146
0.070182,0.197681
0.069464,0.239354
0.069135,0.273991
0.069121,0.301474
0.069343,0.321781
0.069724,0.335009
0.070190,0.341387
0.070678,0.341273
0.071134,0.335152
0.071515,0.323607
0.071795,0.307297
0.071957,0.286929
0.071999,0.263231
0.071927,0.236924
0.071756,0.208706
0.071504,0.179239
0.071195,0.149135
0.070852,0.118956
0.070497,0.089208
0.070151,0.060345
