0.054647,0.129788
0.113318,0.183384
0.128332,0.067127
0.129925,0.008601
0.129878,-0.010898
0.129803,-0.011051
0.129689,-0.009222
0.129515,-0.007508
0.129259,-0.006099
0.128886,-0.004961
0.128356,-0.004044
0.129927,-0.011919
0.129880,-0.019341
0.129807,-0.016844
0.129694,-0.013777
0.129524,-0.011180
0.129271,-0.009077
0.128904,-0.007382
0.128382,-0.006016
0.129928,-0.010752
0.129882,-0.015283
0.129810,-0.013174
0.129699,-0.010758
0.129531,-0.008728
0.129282,-0.007085
0.128919,-0.005762
0.128403,-0.004695
0.129930,-0.007755
0.129885,-0.010697
0.129814,-0.009197
0.129705,-0.007508
0.129539,-0.006090
0.129294,-0.004943
0.128937,-0.004020
0.128428,-0.003275
0.129928,-0.004499
0.129882,-0.005703
0.129809,-0.004866
0.129698,-0.003968
0.129529,-0.003219
0.129279,-0.002613
0.128916,-0.002125
0.128398,-0.001732
0.129895,0.037306
0.064915,0.073728
0.064892,0.064498
0.064864,0.051730
0.064830,0.040964
0.064788,0.032385
0.064736,0.025605
0.064674,0.020254
0.064598,0.016029
0.064507,0.012691
0.064398,0.010054
0.064269,0.007969
0.064957,0.092249
0.064945,0.169675
0.064930,0.146212
0.064911,0.116936
0.064887,0.092494
0.064858,0.073057
0.064823,0.057714
0.064779,0.045611
0.064726,0.036063
0.064661,0.028527
0.064583,0.022577
0.064489,0.017877
0.025750,0.014163
0.025730,0.011154
0.025708,0.008706
0.025983,0.127516
0.025981,0.235451
0.025979,0.200651
0.025977,0.158280
0.025974,0.123367
0.025972,0.095970
0.025969,0.074638
0.025966,0.058048
0.025963,0.045148
0.025959,0.035117
0.025955,0.027316
0.025950,0.021250
0.025946,0.016531
0.025941,0.012861
0.025935,0.010007
0.025929,0.007786
0.025922,0.006058
0.025915,0.004714
0.025907,0.003668
0.025899,0.002854
0.025890,0.002220
0.025880,0.001728
0.025870,0.001344
0.025858,0.001045
0.025846,0.000813
0.025833,0.000632
0.025818,0.000491
0.025803,0.000381
0.025787,0.000295
0.025769,0.000229
0.025750,0.000177
0.025730,0.000137
0.025708,0.000105
0.025979,0.148612
0.025977,0.283243
0.025975,0.241879
0.025972,0.190879
0.000000,0.000000
0.000000,0.000000
0.000000,0.000000
0.000000,0.000000
0.000000,0.000000
0.000000,0.000000
0.000000,0.000000
0.000000,0.000000
0.000000,0.000000
0.000000,0.000000
0.000000,0.000000
0.000000,0.000000
0.000000,0.000000
0.000000,0.000000
0.000000,0.000000
0.000000,0.000000
0.000000,0.000000
0.000000,0.000000
0.000000,0.000000
0.000000,0.000000
0.000000,0.000000
0.000000,0.000000
0.000000,0.000000
0.000000,0.000000
0.000000,0.000000
0.000000,0.000000
0.000000,0.000000
0.000000,0.000000
0.000000,0.000000
0.000000,0.000000
0.025970,0.148799
0.025967,0.115768
0.025963,0.090046
0.025960,0.070040
0.025956,0.054481
0.025951,0.042381
0.025947,0.032971
0.025942,0.025651
0.025936,0.019958
0.025930,0.015529
0.025924,0.012083
0.025917,0.009402
0.025909,0.007316
0.025901,0.005693
0.025892,0.004430
0.025882,0.003447
0.025872,0.002682
0.025861,0.002086
0.025848,0.001623
0.025835,0.001262
0.064553,0.000981
0.064454,0.000765
0.064335,0.000601
0.064193,0.000471
0.064919,0.170764
0.064897,0.326949
0.064871,0.282669
0.064838,0.226376
0.103677,0.179262
0.103544,0.142596
0.103362,0.114439
0.103118,0.092070
0.102794,0.074187
0.103849,0.244348
0.103783,0.403864
0.103691,0.350111
0.103564,0.284307
0.103390,0.228866
0.103157,0.184189
0.102845,0.148397
0.102437,0.119723
0.103844,0.287471
0.103777,0.445676
0.103683,0.384560
0.103553,0.312082
0.103375,0.251212
0.103137,0.202183
0.102820,0.162906
0.103931,0.269150
0.090911,0.371018
0.090876,0.315969
0.090829,0.254368
0.090766,0.203174
0.090681,0.162203
0.090569,0.129584
0.103341,0.103617
0.103089,0.083108
0.102756,0.066930
0.103940,0.150977
0.103911,0.230231
0.103870,0.198006
0.103811,0.160249
0.129660,0.128624
0.129473,0.103610
0.129197,0.084020
0.128797,0.068317
0.128231,0.055667
0.129912,0.113763
0.129857,0.169040
0.129771,0.146280
0.129640,0.119564
0.129443,0.097043
0.129153,0.078801
0.128735,0.064098
0.128143,0.052241
0.129911,0.088919
0.129855,0.124136
0.129768,0.106873
0.129635,0.087285
0.064718,0.070832
0.064651,0.056930
0.064571,0.045162
0.064475,0.035763
0.064360,0.028322
0.064224,0.022437
0.064971,0.025547
0.064962,0.028938
0.064951,0.023923
0.064938,0.018992
0.064921,0.014984
0.064900,0.011811
0.064874,0.009309
0.064842,0.007337
0.064803,0.005781
0.064755,0.004554
0.064696,0.003585
0.064625,0.002820
0.064540,0.002216
0.064437,0.001738
0.064315,0.001359
0.064170,0.001060
0.064965,-0.041412
0.025982,-0.080292
0.025980,-0.069046
0.025978,-0.054543
0.025976,-0.042525
0.025974,-0.033087
0.025971,-0.025738
0.025968,-0.020022
0.025965,-0.015578
0.025962,-0.012123
0.025958,-0.009436
0.025954,-0.007346
0.025949,-0.005721
0.025945,-0.004457
0.025939,-0.003474
0.025934,-0.002709
0.025927,-0.002115
0.025921,-0.001652
0.025913,-0.001292
0.025905,-0.001012
0.025897,-0.000794
0.025888,-0.000625
0.025878,-0.000493
0.025867,-0.000390
0.025855,-0.000310
0.025843,-0.000248
0.025829,-0.000200
0.025815,-0.000162
0.025799,-0.000133
0.025782,-0.000111
0.025764,-0.000093
0.025745,-0.000079
0.025724,-0.000069
0.025702,-0.000061
0.025989,-0.076608
0.000000,0.000000
0.000000,0.000000
0.000000,0.000000
0.000000,0.000000
0.000000,0.000000
0.000000,0.000000
0.000000,0.000000
0.000000,0.000000
0.000000,0.000000
0.000000,0.000000
0.000000,0.000000
0.000000,0.000000
0.000000,0.000000
0.000000,0.000000
0.000000,0.000000
0.000000,0.000000
0.000000,0.000000
0.000000,0.000000
0.000000,0.000000
0.000000,0.000000
0.000000,0.000000
0.000000,0.000000
0.000000,0.000000
0.000000,0.000000
0.000000,0.000000
0.000000,0.000000
0.000000,0.000000
0.000000,0.000000
0.000000,0.000000
0.000000,0.000000
0.025987,-0.145984
0.025986,-0.124633
0.025985,-0.098326
0.025983,-0.076627
0.025981,-0.059601
0.025979,-0.046346
0.025977,-0.036041
0.025975,-0.028030
0.025972,-0.021802
0.025970,-0.016960
0.025967,-0.013196
0.025963,-0.010269
0.025960,-0.007993
0.025956,-0.006223
0.025951,-0.004847
0.025947,-0.003777
0.025942,-0.002944
0.025936,-0.002297
0.025930,-0.001793
0.025924,-0.001401
0.025917,-0.001096
0.025909,-0.000859
0.025901,-0.000675
0.064730,-0.000531
0.064666,-0.000426
0.064589,-0.000351
0.064496,-0.000294
0.064385,-0.000249
0.064253,-0.000213
0.064963,-0.102152
0.064952,-0.195550
0.064939,-0.168908
0.064923,-0.135117
0.064902,-0.106868
0.064877,-0.084404
0.064845,-0.066674
0.064806,-0.052693
0.064759,-0.041665
0.064701,-0.032965
0.064631,-0.026097
0.064547,-0.020674
0.064446,-0.016389
0.064326,-0.013003
0.064183,-0.010326
0.064961,-0.050979
0.064950,-0.088473
0.064936,-0.075951
0.064919,-0.060713
0.064897,-0.048024
0.064870,-0.037939
0.064837,-0.029979
0.064797,-0.023702
0.064747,-0.018751
0.064687,-0.014844
0.064614,-0.011760
0.064526,-0.009324
0.064421,-0.007400
0.064296,-0.005880
0.064147,-0.004677
0.064960,0.047732
0.064949,0.095646
0.064934,0.082834
0.064917,0.066281
0.064895,0.052415
0.064867,0.041385
0.064834,0.032677
0.064792,0.025809
0.064742,0.020391
0.064681,0.016115
0.064607,0.012738
0.064517,0.010072
0.064410,0.007964
0.064283,0.006298
0.064132,0.004979
0.064948,0.123593
0.064933,0.232437
0.064915,0.200612
0.064893,0.160512
0.064865,0.126994
0.064831,0.100331
0.064789,0.079274
0.064738,0.062661
0.064676,0.049549
0.064601,0.039197
0.064511,0.031021
0.064403,0.024559
0.064274,0.019450
0.064940,0.177222
0.064924,0.322332
0.064904,0.277654
0.064879,0.222130
0.064848,0.175777
0.064810,0.138904
0.064764,0.109783
0.064707,0.086800
0.064638,0.068659
0.064556,0.054333
0.064456,0.043015
0.064338,0.034069
0.064197,0.026994
0.064912,0.219084
0.064889,0.395926
0.064861,0.341081
0.064826,0.273030
0.064784,0.216204
0.064732,0.170976
0.064668,0.135233
0.064592,0.107008
0.064500,0.084713
0.064389,0.067095
0.064258,0.053165
0.064901,0.264557
0.064876,0.459778
0.064845,0.395120
0.064806,0.316223
0.064759,0.250443
0.064702,0.198095
0.064633,0.156719
0.064549,0.124040
0.064448,0.098222
0.064328,0.077814
0.064186,0.061675
0.064858,0.286699
0.064823,0.494747
0.064781,0.425196
0.064729,0.340495
0.064665,0.269857
0.064589,0.213610
0.064496,0.169125
0.064385,0.133966
0.064254,0.106168
0.064850,0.333304
0.064814,0.544422
0.064770,0.466111
0.064715,0.373075
0.064649,0.295676
0.064569,0.234067
0.064473,0.185341
0.064358,0.146827
0.064221,0.116373
0.064827,0.356881
0.064786,0.580574
0.064736,0.497019
0.064675,0.397899
0.064601,0.315438
0.064511,0.249786
0.064404,0.197850
0.064276,0.156786
0.064885,0.330061
0.064856,0.492937
0.064821,0.419009
0.064777,0.334870
0.064724,0.265208
0.064659,0.209818
0.064581,0.166035
0.064487,0.131445
0.064374,0.104109
0.064241,0.082495
0.064937,0.190777
0.064920,0.292072
0.064899,0.248547
0.064873,0.198487
0.064841,0.157020
0.064801,0.124069
0.064753,0.098047
0.064694,0.077510
0.064622,0.061296
0.064536,0.048491
0.064433,0.038372
0.064310,0.030373
0.064164,0.024046
0.064947,0.078198
0.064932,0.128425
0.064914,0.109825
0.064891,0.087735
0.064863,0.069377
0.064828,0.054785
0.064786,0.043262
0.064734,0.034169
0.064671,0.026992
0.064594,0.021325
0.064503,0.016848
0.064393,0.013309
0.064263,0.010511
0.064959,0.015486
0.064947,0.020309
0.064933,0.017023
0.064914,0.013530
0.064892,0.010661
0.064864,0.008386
0.064829,0.006589
0.064787,0.005172
0.064735,0.004053
0.064673,0.003170
0.064597,0.002471
0.064506,0.001919
0.064397,0.001481
0.064267,0.001135
0.064969,-0.026583
0.064960,-0.051938
0.064949,-0.044932
0.064935,-0.035969
0.064918,-0.028470
0.064896,-0.022509
0.064869,-0.017805
0.064835,-0.014097
0.064795,-0.011175
0.064745,-0.008870
0.064684,-0.007052
0.064610,-0.005617
0.064522,-0.004485
0.064416,-0.003591
0.064290,-0.002885
0.064140,-0.002328
0.064969,-0.026632
0.064961,-0.048942
0.064949,-0.042182
0.064935,-0.033750
0.064918,-0.026713
0.064896,-0.021121
0.064869,-0.016709
0.064836,-0.013231
0.064795,-0.010490
0.064746,-0.008328
0.064685,-0.006623
0.064612,-0.005277
0.064524,-0.004215
0.064418,-0.003377
0.064292,-0.002715
0.064143,-0.002193
0.064970,-0.019318
0.064961,-0.035049
0.064950,-0.030190
0.064936,-0.024160
0.064919,-0.019131
0.064898,-0.015134
0.064871,-0.011982
0.064838,-0.009497
0.064798,-0.007539
0.064749,-0.005994
0.064689,-0.004777
0.064616,-0.003816
0.064529,-0.003058
0.064425,-0.002460
0.064300,-0.001988
0.064152,-0.001616
0.064970,-0.013708
0.064962,-0.024813
0.064951,-0.021378
0.064937,-0.017116
0.064920,-0.013561
0.064899,-0.010737
0.129746,-0.008510
0.129602,-0.006834
0.129387,-0.005597
0.129071,-0.004618
0.128618,-0.003835
0.127980,-0.003207
0.129904,-0.011643
0.129844,-0.019562
0.129751,-0.017147
0.129610,-0.014107
0.129398,-0.011529
0.129087,-0.009441
0.128641,-0.007761
0.128012,-0.006410
0.129906,-0.011263
0.129848,-0.015896
0.129757,-0.013759
0.129618,-0.011310
0.129411,-0.009253
0.129106,-0.007590
0.128667,-0.006253
0.128049,-0.005178
0.129909,-0.008171
0.129851,-0.011043
0.129763,-0.009540
0.129627,-0.007857
0.129423,-0.006447
0.129124,-0.005309
0.128693,-0.004396
0.128085,-0.003663
0.129911,-0.005536
0.129854,-0.007336
0.129767,-0.006345
0.129634,-0.005245
0.129433,-0.004326
0.129139,-0.003586
0.128715,-0.002992
0.128115,-0.002517
0.129913,-0.003681
0.129858,-0.004798
0.129772,-0.004162
0.129642,-0.003462
0.129445,-0.002878
0.129156,-0.002408
0.128739,-0.002033
0.128150,-0.001735
0.129915,-0.002433
0.129861,-0.003101
0.129777,-0.002704
0.129649,-0.002270
0.129457,-0.001910
0.129173,-0.001622
0.128763,-0.001393
0.128183,-0.001212
0.129887,-0.015958
0.129818,-0.029738
0.129711,-0.026227
0.129548,-0.021575
0.129307,-0.017609
0.128956,-0.014392
0.128455,-0.011800
0.129895,-0.051506
0.129829,-0.088798
0.129729,-0.077792
0.129576,-0.063803
0.129348,-0.051917
0.129015,-0.042279
0.128538,-0.034508
0.129892,-0.088443
0.129825,-0.139474
0.129722,-0.121392
0.129566,-0.099443
0.129334,-0.080875
0.128995,-0.065824
0.128509,-0.053689
0.129887,-0.116406
0.129818,-0.176019
0.129711,-0.152712
0.129549,-0.125042
0.129309,-0.101684
0.128960,-0.082754
0.128460,-0.067489
0.129851,-0.146730
0.129762,-0.222118
0.129627,-0.192858
0.129424,-0.158053
0.129126,-0.128649
0.128697,-0.104801
0.128092,-0.085555
0.129858,-0.212080
0.129773,-0.331930
0.129645,-0.288840
0.129452,-0.236700
0.129167,-0.192585
0.128757,-0.156804
0.128175,-0.127932
0.129838,-0.270112
0.129744,-0.405470
0.129601,-0.351799
0.129388,-0.288259
0.129076,-0.234606
0.128627,-0.191093
0.127996,-0.155973
0.129798,-0.313287
0.129684,-0.463417
0.129513,-0.401839
0.129260,-0.329445
0.128893,-0.268336
0.128369,-0.218755
0.129760,-0.351936
0.129628,-0.480963
0.129430,-0.414539
0.129139,-0.339756
0.128720,-0.276893
0.128127,-0.225897
0.129661,-0.356645
0.129481,-0.483706
0.129216,-0.417116
0.128832,-0.342331
0.128286,-0.279428
0.129767,-0.424767
0.129639,-0.566263
0.129449,-0.486864
0.129168,-0.398784
0.128763,-0.324881
0.128189,-0.264959
0.129773,-0.427272
0.129649,-0.584318
0.129464,-0.503443
0.129191,-0.412428
0.128796,-0.335951
0.128235,-0.273937
0.129773,-0.437179
0.129650,-0.595289
0.129466,-0.512684
0.129193,-0.419957
0.115919,-0.342066
0.115475,-0.278287
0.116800,-0.436911
0.116703,-0.590362
0.116565,-0.505929
0.116366,-0.412174
0.116088,-0.333739
0.115704,-0.270381
0.115181,-0.219414
0.116662,-0.370068
0.116507,-0.515283
0.116286,-0.443499
0.115978,-0.362209
0.115555,-0.293961
0.116877,-0.415688
0.116814,-0.534911
0.116722,-0.455816
0.116589,-0.370523
0.116399,-0.299459
0.116131,-0.242150
0.115760,-0.196112
0.115255,-0.159108
0.116890,-0.252698
0.116832,-0.342942
0.116746,-0.293622
0.116622,-0.238817
0.116443,-0.192999
0.116192,-0.156028
0.115843,-0.126328
0.115366,-0.102459
0.116915,-0.165527
0.116868,-0.226208
0.116799,-0.193686
0.116698,-0.157437
0.116551,-0.127132
0.116343,-0.102690
0.116051,-0.083066
0.115650,-0.067305
0.116938,-0.108062
0.116903,-0.147286
0.116851,-0.125991
0.116773,-0.102316
0.116659,-0.082538
0.116496,-0.066599
0.116264,-0.053810
0.115942,-0.043547
0.115500,-0.035302
0.116932,-0.060483
0.116894,-0.084590
0.116837,-0.072536
0.116753,-0.058940
0.116631,-0.047563
0.116455,-0.038389
0.116207,-0.031026
0.115863,-0.025117
0.115393,-0.020367
0.116822,-0.002041
0.116730,0.014613
0.116597,0.013834
0.116408,0.011428
0.116141,0.009273
0.115772,0.007516
0.115271,0.006099
0.114599,0.004959
0.113717,0.004039
0.112579,0.003297
0.111140,0.002697
0.109356,0.002211
0.107190,0.001817
0.104617,0.001496
0.101628,0.001234
0.098232,0.001020
0.094461,0.000845
0.090365,0.000701
0.086012,0.000582
0.081479,0.000484
0.076851,0.000403
0.072207,0.000336
0.067622,0.000280
0.063159,0.000233
0.058867,0.000195
0.054783,0.000162
0.050931,0.000136
0.047325,0.000113
0.043967,0.000095
0.040856,0.000079
0.037983,0.000066
0.035337,0.000056
0.032906,0.000047
0.030673,0.000040
0.028625,0.000034
0.026747,0.000028
0.025023,0.000024
0.023442,0.000021
0.021990,0.000018
0.020655,0.000016
0.019428,0.000014
0.018297,0.000012
0.017255,0.000011
0.016293,0.000010
0.015404,0.000009
0.014581,0.000008
0.013819,0.000007
0.013111,0.000007
0.000000,0.000000
0.000000,0.000000
0.000000,0.000000
0.000000,0.000000
0.000000,0.000000
0.000000,0.000000
0.000000,0.000000
0.000000,0.000000
0.000000,0.000000
0.000000,0.000000
0.000000,0.000000
0.000000,0.000000
0.000000,0.000000
0.000000,0.000000
0.000000,0.000000
0.000000,0.000000
0.000000,0.000000
0.000000,0.000000
0.000000,0.000000
0.000000,0.000000
0.000000,0.000000
0.000000,0.000000
0.000000,0.000000
0.000000,0.000000
0.000000,0.000000
0.000000,0.000000
0.000000,0.000000
0.000000,0.000000
0.000000,0.000000
0.000000,0.000000
0.000000,0.000000
0.000000,0.000000
0.000000,0.000000
0.000000,0.000000
0.000000,0.000000
0.000000,0.000000
0.000000,0.000000
0.000000,0.000000
0.000000,0.000000
0.000000,0.000000
0.000000,0.000000
0.000000,0.000000
0.000000,0.000000
0.000000,0.000000
0.000000,0.000000
0.000000,0.000000
0.000000,0.000000
0.000000,0.000000
0.000000,0.000000
0.000000,0.000000
0.000000,0.000000
0.000000,0.000000
0.000000,0.000000
0.000000,0.000000
0.000000,0.000000
0.000000,0.000000
0.000000,0.000000
0.000000,0.000000
0.000000,0.000000
0.000000,0.000000
0.000000,0.000000
0.000000,0.000000
0.000000,0.000000
0.000000,0.000000
0.000000,0.000000
0.000000,0.000000
0.000000,0.000000
0.000000,0.000000
0.000000,0.000000
0.000000,0.000000
0.000000,0.000000
0.000000,0.000000
0.000000,0.000000
0.000000,0.000000
0.000000,0.000000
0.000000,0.000000
0.000000,0.000000
0.000000,0.000000
0.000000,0.000000
0.000000,0.000000
0.000000,0.000000
0.000000,0.000000
0.000000,0.000000
0.000000,0.000000
0.000000,0.000000
0.000000,0.000000
0.000000,0.000000
0.000000,0.000000
0.000000,0.000000
0.000000,0.000000
0.000000,0.000000
0.000000,0.000000
0.000000,0.000000
0.000000,0.000000
0.000000,0.000000
0.000000,0.000000
0.000000,0.000000
0.000000,0.000000
0.000000,0.000000
0.000000,0.000000
0.000000,0.000000
0.045284,0.098176
0.098320,0.316315
0.114476,0.525905
0.116813,0.682033
0.116724,0.691552
0.116595,0.575089
0.116411,0.466249
0.116151,0.377090
0.115790,0.305322
0.115299,0.247638
0.116884,0.319068
0.116824,0.390492
0.116735,0.331162
0.116606,0.268988
0.116421,0.217348
0.116161,0.175717
0.115800,0.142276
0.115309,0.115397
0.116885,0.230597
0.116825,0.340113
0.116736,0.293252
0.116607,0.238773
0.116423,0.193003
0.116163,0.156041
0.115803,0.126340
0.115313,0.102466
0.116870,0.231576
0.116803,0.353829
0.116704,0.306015
0.116562,0.249357
0.116359,0.201653
0.116074,0.163106
0.115681,0.132120
0.116892,0.258924
0.116835,0.379628
0.116751,0.327099
0.116629,0.266249
0.116453,0.215153
0.116206,0.173900
0.115862,0.140758
0.115393,0.114124
0.116851,0.252648
0.116775,0.383972
0.116665,0.332055
0.116505,0.270669
0.116279,0.218983
0.115964,0.177207
0.115531,0.143613
0.116863,0.279465
0.116792,0.408893
0.116689,0.352459
0.116541,0.287089
0.116329,0.232176
0.116033,0.187816
0.115626,0.152155
0.116875,0.290155
0.116810,0.421738
0.116715,0.363241
0.116577,0.295754
0.116381,0.239096
0.116105,0.193342
0.115724,0.156570
0.115206,0.127007
0.116835,0.280026
0.116751,0.425122
0.116631,0.367691
0.116457,0.299798
0.116213,0.242625
0.115872,0.196403
0.115407,0.159224
0.116859,0.306692
0.116788,0.447225
0.116683,0.385394
0.116533,0.313903
0.116318,0.253860
0.116018,0.205358
0.115606,0.166367
0.116869,0.307470
0.116802,0.442246
0.116704,0.380602
0.116562,0.309875
0.116359,0.250528
0.116075,0.202602
0.115683,0.164082
0.116872,0.303953
0.116806,0.437550
0.116710,0.376564
0.116570,0.306566
0.116371,0.247832
0.116091,0.200402
0.115705,0.162282
0.115181,0.131632
0.116808,0.282885
0.116713,0.426508
0.116576,0.368831
0.116380,0.300843
0.116105,0.243587
0.115725,0.197281
0.115208,0.160018
0.116816,0.306595
0.116724,0.446420
0.116592,0.384929
0.116403,0.313795
0.116136,0.254013
0.115768,0.205685
0.115266,0.166802
0.116832,0.313637
0.116748,0.453800
0.116626,0.390982
0.116451,0.318596
0.116204,0.257800
0.115861,0.208667
0.115392,0.169149
0.116861,0.303129
0.116790,0.431308
0.116687,0.370903
0.116537,0.301981
0.116324,0.244175
0.116027,0.197488
0.115617,0.159957
0.116915,0.193910
0.116868,0.228737
0.116799,0.193099
0.116698,0.156575
0.116551,0.126329
0.116343,0.101966
0.116051,0.082407
0.115649,0.066696
0.116919,0.034145
0.116874,0.005236
0.116807,0.001347
0.116709,0.000666
0.116567,0.000425
0.116365,0.000268
0.116082,0.000145
0.115691,0.000043
0.116912,-0.076296
0.116864,-0.147288
0.116792,-0.129382
0.116687,-0.105624
0.116536,-0.085418
0.116322,-0.069079
0.116021,-0.055957
0.115608,-0.045419
0.116891,-0.154725
0.116834,-0.257355
0.116748,-0.223952
0.116624,-0.182636
0.116447,-0.147713
0.116196,-0.119488
0.115848,-0.096810
0.115373,-0.078586
0.116857,-0.215743
0.116783,-0.345038
0.116676,-0.299584
0.116521,-0.244395
0.116301,-0.197807
0.115993,-0.160141
0.115571,-0.129858
0.116852,-0.272037
0.116777,-0.407100
0.116667,-0.351685
0.116509,-0.286686
0.116285,-0.232008
0.115972,-0.187825
0.115543,-0.152303
0.116822,-0.301616
0.116734,-0.443872
0.116606,-0.383114
0.116422,-0.312421
0.116164,-0.252984
0.115806,-0.204940
0.115317,-0.166294
0.116772,-0.323990
0.116662,-0.474429
0.116503,-0.409597
0.116279,-0.334277
0.115965,-0.270926
0.115535,-0.219687
0.116800,-0.373094
0.116702,-0.520619
0.116562,-0.447478
0.116362,-0.364773
0.116081,-0.295436
0.115693,-0.239404
0.116829,-0.397153
0.116745,-0.549088
0.116623,-0.471335
0.116448,-0.383938
0.116201,-0.310745
0.115858,-0.251630
0.115389,-0.204096
0.116766,-0.374144
0.116655,-0.536907
0.116495,-0.462747
0.116268,-0.377538
0.115951,-0.305959
0.115517,-0.248077
0.116770,-0.406662
0.116661,-0.559690
0.116504,-0.480642
0.116281,-0.391894
0.115969,-0.317530
0.115542,-0.257424
0.116769,-0.414907
0.116659,-0.567121
0.116501,-0.486732
0.116278,-0.396823
0.115965,-0.321518
0.115536,-0.260655
0.116770,-0.420410
0.116661,-0.574802
0.116504,-0.493319
0.116281,-0.402177
0.115970,-0.325842
0.115543,-0.264147
0.116787,-0.430166
0.116685,-0.590408
0.116538,-0.506750
0.116329,-0.413018
0.116036,-0.334514
0.115633,-0.271080
0.116879,-0.408915
0.116818,-0.542727
0.129697,-0.463756
0.129532,-0.377845
0.129287,-0.306850
0.128930,-0.249504
0.128421,-0.203286
0.129900,-0.298356
0.129840,-0.391001
0.129746,-0.334882
0.129603,-0.273429
0.129389,-0.222014
0.129077,-0.180415
0.128627,-0.146890
0.127994,-0.119855
0.129889,-0.189236
0.129821,-0.256264
0.129717,-0.220220
0.129559,-0.179976
0.129324,-0.146220
0.128981,-0.118887
0.128490,-0.096849
0.129930,-0.138460
0.129885,-0.179112
0.129814,-0.153106
0.129706,-0.124866
0.129542,-0.101270
0.129298,-0.082193
0.128943,-0.066831
0.128436,-0.054452
0.129929,-0.084184
0.129884,-0.112948
0.129812,-0.096873
0.129703,-0.079047
0.129537,-0.064117
0.129290,-0.052042
0.128932,-0.042317
0.128421,-0.034481
0.129930,-0.054767
0.129885,-0.074340
0.129814,-0.063824
0.129705,-0.052086
0.129540,-0.042248
0.129295,-0.034290
0.128939,-0.027881
0.128430,-0.022716
0.129931,-0.036342
0.129886,-0.049481
0.129817,-0.042490
0.129709,-0.034675
0.129546,-0.028124
0.129304,-0.022825
0.128951,-0.018557
0.128448,-0.015118
0.129932,-0.024232
0.129888,-0.033020
0.129819,-0.028356
0.129713,-0.023139
0.129552,-0.018766
0.129312,-0.015228
0.128963,-0.012380
0.128465,-0.010084
0.129933,-0.016196
0.129890,-0.022088
0.129822,-0.018968
0.129718,-0.015477
0.129559,-0.012550
0.129323,-0.010183
0.128979,-0.008277
0.128488,-0.006741
0.129934,-0.010834
0.129892,-0.014778
0.129826,-0.012690
0.129723,-0.010353
0.129567,-0.008394
0.129334,-0.006810
0.128995,-0.005534
0.128510,-0.004506
0.129936,-0.007247
0.129894,-0.009889
0.129828,-0.008491
0.129727,-0.006926
0.129573,-0.005615
0.129343,-0.004554
0.129008,-0.003700
0.128529,-0.003012
0.129937,-0.004855
0.129896,-0.006631
0.129831,-0.005693
0.129732,-0.004643
0.129580,-0.003764
0.129354,-0.003052
0.129024,-0.002479
0.128551,-0.002017
0.129938,-0.003254
0.129898,-0.004445
0.129834,-0.003816
0.129735,-0.003112
0.129586,-0.002522
0.129363,-0.002044
0.129036,-0.001660
0.128568,-0.001350
0.127911,-0.001100
0.129900,-0.002012
0.129838,-0.002885
0.129742,-0.002490
0.129596,-0.002034
0.129377,-0.001650
0.129057,-0.001340
0.128598,-0.001089
0.127953,-0.000887
0.129903,-0.001463
0.129842,-0.002018
0.129748,-0.001735
0.129605,-0.001416
0.129391,-0.001148
0.129078,-0.000931
0.128627,-0.000757
0.127993,-0.000615
0.129905,-0.000991
0.129846,-0.001353
0.129753,-0.001161
0.129613,-0.000947
0.129403,-0.000767
0.129094,-0.000622
0.128651,-0.000504
0.128026,-0.000410
0.129907,-0.000658
0.129849,-0.000898
0.129759,-0.000770
0.129622,-0.000627
0.129416,-0.000508
0.129113,-0.000411
0.128678,-0.000333
0.128063,-0.000269
0.129910,-0.000435
0.129853,-0.000594
0.129765,-0.000509
0.129630,-0.000414
0.129428,-0.000335
0.129131,-0.000270
0.128704,-0.000218
0.128100,-0.000176
0.129911,-0.000287
0.129856,-0.000394
0.129769,-0.000337
0.129637,-0.000274
0.129438,-0.000221
0.129146,-0.000177
0.128725,-0.000143
0.128129,-0.000114
0.129914,-0.000189
0.129859,-0.000262
0.129774,-0.000224
0.129645,-0.000181
0.129450,-0.000146
0.129163,-0.000116
0.128749,-0.000093
0.128163,-0.000074
0.129916,-0.000125
0.129862,-0.000175
0.129779,-0.000149
0.129652,-0.000120
0.129461,-0.000096
0.129180,-0.000076
0.128773,-0.000060
0.128196,-0.000047
0.129917,-0.000083
0.129865,-0.000118
0.129783,-0.000100
0.129658,-0.000080
0.129470,-0.000063
0.129193,-0.000050
0.128792,-0.000039
0.128223,-0.000030
0.129919,-0.000055
0.129868,-0.000080
0.129788,-0.000067
0.129666,-0.000054
0.129481,-0.000042
0.129209,-0.000032
0.128814,-0.000024
0.128255,-0.000018
0.129899,-0.026203
0.129836,-0.050653
0.129739,-0.044660
0.129591,-0.036623
0.129371,-0.029760
0.129048,-0.024189
0.128585,-0.019695
0.127934,-0.016070
0.129837,-0.094152
0.129741,-0.167460
0.129594,-0.147080
0.129376,-0.120729
0.129056,-0.098279
0.128596,-0.080042
0.127950,-0.065314
0.129804,-0.169485
0.129690,-0.268186
0.129520,-0.233760
0.129267,-0.191780
0.128899,-0.156204
0.128375,-0.127314
0.129830,-0.241024
0.129731,-0.349851
0.129581,-0.302749
0.129358,-0.247982
0.129032,-0.201810
0.128564,-0.164362
0.127906,-0.134128
0.129749,-0.268567
0.129610,-0.397020
0.129402,-0.344478
0.129096,-0.282638
0.128657,-0.230395
0.128038,-0.187970
0.129762,-0.327105
0.129630,-0.460989
0.129433,-0.398317
0.129142,-0.326525
0.128724,-0.266060
0.128132,-0.216992
0.129810,-0.360614
0.129703,-0.499126
0.129542,-0.430267
0.129303,-0.352294
0.128954,-0.286742
0.128456,-0.233597
0.129901,-0.326911
0.129841,-0.418511
0.129747,-0.357627
0.129606,-0.291861
0.129394,-0.236922
0.129083,-0.192483
0.128637,-0.156671
0.128008,-0.127790
0.129888,-0.198231
0.129820,-0.266408
0.129715,-0.228760
0.129556,-0.186908
0.129319,-0.151818
0.128975,-0.123406
0.128482,-0.100495
0.129929,-0.143228
0.129883,-0.185004
0.129812,-0.158100
0.129702,-0.128910
0.129535,-0.104522
0.129289,-0.084802
0.128929,-0.068920
0.128417,-0.056120
0.129928,-0.086818
0.129882,-0.116523
0.129809,-0.099918
0.129698,-0.081505
0.129530,-0.066081
0.129280,-0.053605
0.128917,-0.043554
0.128400,-0.035453
0.129928,-0.056388
0.129882,-0.076595
0.129809,-0.065740
0.129698,-0.053623
0.129530,-0.043465
0.129280,-0.035246
0.128917,-0.028625
0.128399,-0.023287
0.129929,-0.037411
0.129883,-0.051035
0.129811,-0.043808
0.129701,-0.035722
0.129534,-0.028943
0.129287,-0.023457
0.128926,-0.019036
0.128413,-0.015473
0.128184,-0.148519
0.121673,-0.615791
0.119044,-1.353355
0.125619,-2.031581
0.129521,-2.338918
0.129415,-2.173577
0.129239,-1.787869
0.128967,-1.449860
0.128567,-1.176590
0.127994,-0.957426
0.129893,-0.767100
0.129830,-0.608115
0.129733,-0.489841
0.129586,-0.396184
0.129366,-0.321152
0.129045,-0.260852
0.128584,-0.212305
0.102348,-0.173158
0.103864,-0.008208
0.103803,0.142152
0.103718,0.132838
0.103599,0.109037
0.103437,0.087961
0.103218,0.070857
0.102926,0.057142
0.102542,0.046158
0.103826,0.203475
0.103751,0.350489
0.103646,0.304892
0.103502,0.247876
0.103306,0.199725
0.103043,0.160896
0.102696,0.129777
0.103895,0.171924
0.103847,0.213769
0.103779,0.180911
0.103685,0.146323
0.103554,0.117662
0.103375,0.094640
0.103135,0.076220
0.102817,0.061480
0.103917,0.027732
0.103878,-0.002244
0.103822,-0.004852
0.103743,-0.004231
0.103634,-0.003392
0.103485,-0.002677
0.103282,-0.002099
0.103011,-0.001633
0.102653,-0.001259
0.103938,-0.053967
0.103907,-0.102831
0.103864,-0.089780
0.103803,-0.072793
0.103717,-0.058415
0.103597,-0.046837
0.103434,-0.037577
0.103214,-0.030173
0.102921,-0.024247
0.102535,-0.019499
0.103903,0.044269
0.103858,0.102968
0.103795,0.091063
0.103705,0.074133
0.103582,0.059685
0.103414,0.048030
0.103187,0.038701
0.102884,0.031237
0.102487,0.025260
0.103832,0.179024
0.103759,0.322277
0.103657,0.281152
0.103516,0.228651
0.103326,0.184228
0.103070,0.148397
0.102731,0.119681
0.103779,0.325652
0.129610,0.519556
0.129405,0.451478
0.129104,0.370519
0.128671,0.302075
0.128059,0.246502
0.129737,0.432564
0.129597,0.611513
0.129389,0.528603
0.129083,0.433467
0.128643,0.353344
0.128022,0.288330
0.129845,0.398263
0.129756,0.506466
0.129620,0.433084
0.129417,0.354004
0.129119,0.287915
0.128690,0.234410
0.128084,0.191246
0.129888,0.265071
0.129820,0.337595
0.129715,0.288525
0.129556,0.235636
0.129320,0.191451
0.128976,0.155699
0.128484,0.126878
0.129927,0.174405
0.129880,0.221142
0.129808,0.188728
0.129696,0.153926
0.129527,0.124885
0.129276,0.101411
0.128911,0.082508
0.128392,0.067278
0.129925,0.102308
0.129878,0.136251
0.129804,0.116826
0.129690,0.095369
0.064759,0.077406
0.064701,0.062236
0.064631,0.049392
0.064546,0.039138
0.064445,0.031022
0.064325,0.024606
0.064181,0.019533
0.064968,0.016322
0.064959,0.013844
0.064948,0.011053
0.064933,0.008749
0.064915,0.006922
0.064893,0.005481
0.064865,0.004346
0.064831,0.003451
0.064789,0.002746
0.064738,0.002191
0.064675,0.001753
0.064600,0.001407
0.064510,0.001135
0.064401,0.000920
0.064272,0.000750
0.025987,-0.062301
0.025986,-0.119442
0.025984,-0.102007
0.025983,-0.080475
0.025981,-0.062709
0.025979,-0.048767
0.025977,-0.037913
0.025975,-0.029473
0.025972,-0.022912
0.025969,-0.017811
0.025966,-0.013845
0.025963,-0.010761
0.025959,-0.008363
0.025955,-0.006498
0.025951,-0.005047
0.025946,-0.003919
0.025941,-0.003042
0.025936,-0.002359
0.025930,-0.001828
0.025923,-0.001415
0.025916,-0.001093
0.025908,-0.000843
0.025900,-0.000648
0.025891,-0.000496
0.025881,-0.000378
0.025871,-0.000286
0.025859,-0.000214
0.025847,-0.000159
0.025834,-0.000115
0.025820,-0.000081
0.025805,-0.000055
0.025788,-0.000034
0.025771,-0.000018
0.025752,-0.000005
0.025732,0.000005
0.025710,0.000013
0.025987,-0.107080
0.025986,-0.204145
0.025984,-0.174291
0.025983,-0.137498
0.025981,-0.107148
0.025979,-0.083332
0.025977,-0.064790
0.025974,-0.050373
0.000000,0.000000
0.000000,0.000000
0.000000,0.000000
0.000000,0.000000
0.000000,0.000000
0.000000,0.000000
0.000000,0.000000
0.000000,0.000000
0.000000,0.000000
0.000000,0.000000
0.000000,0.000000
0.000000,0.000000
0.000000,0.000000
0.000000,0.000000
0.000000,0.000000
0.000000,0.000000
0.000000,0.000000
0.000000,0.000000
0.000000,0.000000
0.000000,0.000000
0.000000,0.000000
0.000000,0.000000
0.000000,0.000000
0.000000,0.000000
0.000000,0.000000
0.000000,0.000000
0.000000,0.000000
0.000000,0.000000
0.000000,0.000000
0.000000,0.000000
0.025972,-0.039164
0.025969,-0.030450
0.025966,-0.023674
0.025962,-0.018406
0.025958,-0.014309
0.025954,-0.011123
0.025950,-0.008645
0.025945,-0.006718
0.025940,-0.005219
0.025934,-0.004053
0.025928,-0.003145
0.025922,-0.002439
0.025914,-0.001890
0.025907,-0.001463
0.025898,-0.001130
0.025889,-0.000871
0.064698,-0.000670
0.064627,-0.000510
0.064542,-0.000382
0.064440,-0.000280
0.064318,-0.000198
0.064174,-0.000134
0.064949,-0.143866
0.064935,-0.275612
0.064917,-0.238132
0.064895,-0.190548
0.064868,-0.150750
0.064835,-0.119088
0.064794,-0.094086
0.064744,-0.074359
0.064683,-0.058791
0.064610,-0.046501
0.064521,-0.036793
0.064415,-0.029122
0.064288,-0.023057
0.064138,-0.018260
0.064955,-0.091994
0.064942,-0.160011
0.064927,-0.137370
0.064907,-0.109793
0.064883,-0.086822
0.064853,-0.068561
0.064816,-0.054144
0.064770,-0.042772
0.064715,-0.033798
0.064648,-0.026715
0.064567,-0.021122
0.064470,-0.016702
0.064354,-0.013209
0.064216,-0.010446
0.064966,0.011743
0.064956,0.031815
0.064943,0.027987
0.064928,0.022463
0.064909,0.017791
0.064885,0.014071
0.064855,0.011134
0.064819,0.008819
0.064774,0.006993
0.064720,0.005554
0.064653,0.004418
0.064574,0.003521
0.064478,0.002814
0.064364,0.002255
0.064228,0.001814
0.064964,-0.019726
0.064954,-0.039424
0.064941,-0.034119
0.064925,-0.027279
0.064905,-0.021552
0.064881,-0.016996
0.064850,-0.013400
0.064812,-0.010563
0.064766,-0.008326
0.064710,-0.006560
0.064642,-0.005166
0.064560,-0.004064
0.064462,-0.003193
0.064344,-0.002505
0.064205,-0.001959
0.064953,-0.093679
0.064939,-0.177791
0.064923,-0.153507
0.064903,-0.122802
0.064877,-0.097132
0.064846,-0.076712
0.064807,-0.060588
0.064760,-0.047868
0.064703,-0.037831
0.064633,-0.029908
0.064549,-0.023650
0.064449,-0.018705
0.064329,-0.014796
0.064186,-0.011704
0.064938,-0.152395
0.064921,-0.281667
0.064900,-0.242884
0.064874,-0.194347
0.064842,-0.153798
0.064803,-0.121535
0.064755,-0.096051
0.064696,-0.075939
0.064625,-0.060061
0.064540,-0.047521
0.064437,-0.037612
0.064315,-0.029780
0.064170,-0.023584
0.064931,-0.200340
0.064913,-0.362981
0.064890,-0.312638
0.064862,-0.250154
0.064827,-0.197991
0.064785,-0.156489
0.064733,-0.123703
0.064669,-0.097824
0.064593,-0.077391
0.064501,-0.061251
0.064391,-0.048496
0.064260,-0.038411
0.064959,-0.179967
0.064948,-0.310608
0.064933,-0.266484
0.064916,-0.212942
0.064893,-0.168369
0.064866,-0.132945
0.064832,-0.104984
0.064790,-0.082932
0.064739,-0.065536
0.064677,-0.051807
0.064603,-0.040968
0.064513,-0.032406
0.064405,-0.025639
0.064276,-0.020289
0.064969,-0.124639
0.064960,-0.220720
0.064949,-0.189628
0.064935,-0.151501
0.064917,-0.119735
0.064895,-0.094493
0.064868,-0.074576
0.064834,-0.058873
0.064793,-0.046491
0.064743,-0.036723
0.064681,-0.029015
0.064607,-0.022928
0.064518,-0.018120
0.064412,-0.014320
0.064285,-0.011316
0.064134,-0.008938
0.064965,-0.086574
0.064955,-0.157922
0.064943,-0.135951
0.064927,-0.108658
0.064908,-0.085887
0.064883,-0.067785
0.129707,-0.053498
0.129543,-0.042630
0.129299,-0.034445
0.128944,-0.027926
0.128438,-0.022680
0.129927,-0.075442
0.129880,-0.125112
0.129807,-0.109071
0.129695,-0.089162
0.129525,-0.072290
0.129273,-0.058617
0.128908,-0.047598
0.128386,-0.038714
0.129926,-0.070646
0.129879,-0.101183
0.129805,-0.087222
0.129692,-0.071176
0.129521,-0.057681
0.129267,-0.046757
0.128898,-0.037953
0.128372,-0.030855
0.129927,-0.051543
0.129880,-0.071440
0.129806,-0.061397
0.129693,-0.050062
0.129522,-0.040547
0.129269,-0.032846
0.128902,-0.026639
0.128378,-0.021633
0.129928,-0.035372
0.129882,-0.048613
0.129809,-0.041729
0.129698,-0.033999
0.129529,-0.027513
0.129279,-0.022263
0.128915,-0.018031
0.128397,-0.014617
0.129929,-0.023810
0.129883,-0.032677
0.129812,-0.028027
0.129702,-0.022813
0.129535,-0.018437
0.129288,-0.014895
0.128928,-0.012039
0.128415,-0.009733
0.129930,-0.015944
0.129886,-0.021937
0.129815,-0.018800
0.129707,-0.015280
0.129543,-0.012327
0.129300,-0.009934
0.128945,-0.008004
0.128439,-0.006445
0.129931,-0.010657
0.129887,-0.014724
0.129818,-0.012604
0.129711,-0.010223
0.129550,-0.008224
0.129309,-0.006604
0.128959,-0.005296
0.128459,-0.004238
0.129855,0.042011
0.129768,0.085140
0.129636,0.075411
0.129437,0.062013
0.129144,0.050540
0.128722,0.041218
0.128126,0.033696
0.129821,0.186388
0.129717,0.329803
0.129560,0.289676
0.129327,0.237889
0.128986,0.193781
0.128499,0.157951
0.129878,0.261550
0.129805,0.361388
0.129693,0.311196
0.129524,0.254500
0.129274,0.206886
0.128909,0.168325
0.128390,0.137230
0.129876,0.228069
0.129802,0.315575
0.129688,0.271810
0.129515,0.222324
0.129260,0.180755
0.128889,0.147086
0.128361,0.119933
0.129879,0.201460
0.129806,0.279921
0.129694,0.241182
0.129524,0.197276
0.129272,0.160386
0.128907,0.130506
0.128386,0.106409
0.129885,0.181398
0.129815,0.253482
0.129707,0.218484
0.129543,0.178698
0.129301,0.145262
0.128948,0.118180
0.128443,0.096343
0.129892,0.167235
0.129826,0.235289
0.129724,0.202885
0.129569,0.165918
0.129339,0.134843
0.129002,0.109676
0.128521,0.089387
0.129901,0.157455
0.129840,0.222728
0.129746,0.192095
0.129602,0.157058
0.129387,0.127602
0.129072,0.103750
0.128619,0.084525
0.127983,0.069022
0.129858,0.140469
0.129773,0.208537
0.129643,0.180756
0.129448,0.148066
0.129161,0.120481
0.128747,0.098113
0.128160,0.080065
0.129877,0.146959
0.129803,0.210965
0.129688,0.182284
0.129516,0.149177
0.129260,0.121303
0.128888,0.098718
0.128360,0.080501
0.129897,0.145627
0.129834,0.207968
0.129736,0.179525
0.129588,0.146816
0.129366,0.119297
0.129041,0.097011
0.128576,0.079045
0.127922,0.064555
0.129887,0.124139
0.129818,0.180978
0.129711,0.156538
0.129550,0.128096
0.129310,0.104134
0.128961,0.084719
0.064231,0.069063
0.064957,0.132076
0.064945,0.190507
0.064930,0.161303
0.064911,0.128685
0.064888,0.101763
0.064859,0.080392
0.064823,0.063527
0.064779,0.050225
0.064726,0.039731
0.064662,0.031450
0.064583,0.024911
0.064490,0.019747
0.064377,0.015666
0.064244,0.012439
0.064949,0.123188
0.064935,0.224994
0.064917,0.193849
0.064895,0.155082
0.064868,0.122718
0.064835,0.096977
0.064794,0.076653
0.025897,0.060617
0.025888,0.047674
0.025878,0.037185
0.025868,0.028968
0.025856,0.022565
0.025844,0.017580
0.025830,0.013698
0.025816,0.010677
0.025800,0.008324
0.025784,0.006492
0.025766,0.005065
0.025747,0.003954
0.025726,0.003089
0.025704,0.002415
0.025980,0.142474
0.025978,0.269508
0.025976,0.230046
0.025973,0.181532
0.025970,0.141516
0.025967,0.110108
0.025964,0.085649
0.025961,0.066626
0.025957,0.051832
0.025953,0.040327
0.025948,0.031380
0.025943,0.024421
0.025938,0.019008
0.025932,0.014797
0.025925,0.011521
0.025919,0.008973
0.025911,0.006990
0.025903,0.005447
0.025894,0.004247
0.025885,0.003312
0.025875,0.002585
0.025864,0.002020
0.025852,0.001579
0.025839,0.001236
0.025825,0.000969
0.025810,0.000762
0.025795,0.000600
0.025777,0.000474
0.025759,0.000376
0.025739,0.000300
0.025718,0.000241
0.025696,0.000195
0.025976,0.164010
0.000000,0.000000
0.000000,0.000000
0.000000,0.000000
0.000000,0.000000
0.000000,0.000000
0.000000,0.000000
0.000000,0.000000
0.000000,0.000000
0.000000,0.000000
0.000000,0.000000
0.000000,0.000000
0.000000,0.000000
0.000000,0.000000
0.000000,0.000000
0.000000,0.000000
0.000000,0.000000
0.000000,0.000000
0.000000,0.000000
0.000000,0.000000
0.000000,0.000000
0.000000,0.000000
0.000000,0.000000
0.000000,0.000000
0.000000,0.000000
0.000000,0.000000
0.000000,0.000000
0.000000,0.000000
0.000000,0.000000
0.000000,0.000000
0.000000,0.000000
0.025973,0.312532
0.025971,0.266915
0.025968,0.210663
0.025964,0.164245
0.025961,0.127807
0.025957,0.099428
0.025953,0.077353
0.025948,0.060184
0.025944,0.046830
0.025938,0.036444
0.025932,0.028364
0.064815,0.022078
0.064770,0.017292
0.064714,0.013665
0.064647,0.010823
0.064566,0.008581
0.064469,0.006810
0.064353,0.005411
0.064215,0.004305
0.129828,0.184409
0.129728,0.352943
0.129576,0.311450
0.129351,0.255858
0.129022,0.208352
0.128549,0.169746
0.129790,0.329692
0.129673,0.482733
0.129497,0.418257
0.129237,0.342872
0.128860,0.279271
0.128323,0.227667
0.129812,0.382194
0.129707,0.531154
0.129548,0.458030
0.129311,0.375046
0.128967,0.305276
0.128474,0.248715
0.129898,0.346903
0.064918,0.443352
0.064897,0.375373
0.064871,0.299583
0.064838,0.237017
0.064798,0.187332
0.064749,0.148100
0.064689,0.117139
0.064617,0.092697
0.064530,0.073395
0.064425,0.058143
0.064301,0.046087
0.064153,0.036552
0.064963,0.128947
0.129906,0.214472
0.129847,0.185169
0.129756,0.151147
0.129618,0.122527
0.129410,0.099375
0.129106,0.080738
0.128667,0.065730
0.128049,0.053629
0.129899,0.115432
0.129837,0.174135
0.129740,0.150953
0.129594,0.123493
0.129375,0.100321
0.129054,0.081544
0.128594,0.066405
0.127947,0.054195
0.129898,0.092598
0.129835,0.129459
0.129737,0.111540
0.129589,0.091174
0.129367,0.074060
0.129042,0.060201
0.128577,0.049028
0.127924,0.040015
0.129899,0.064721
0.129836,0.088527
0.129739,0.076130
0.129590,0.062213
0.129370,0.050532
0.129046,0.041075
0.128583,0.033451
0.127931,0.027301
0.129901,0.043445
0.129839,0.059021
0.129743,0.050723
0.129597,0.041445
0.129380,0.033661
0.129061,0.027359
0.128604,0.022279
0.127960,0.018182
0.129903,0.028763
0.129842,0.038977
0.129749,0.033488
0.129606,0.027359
0.129392,0.022219
0.129079,0.018058
0.128629,0.014703
0.127995,0.011998
0.129905,0.018946
0.129846,0.025655
0.129753,0.022040
0.129613,0.018004
0.129403,0.014621
0.129094,0.011882
0.128651,0.009674
0.128026,0.007893
0.129907,0.012477
0.129849,0.016902
0.129759,0.014519
0.129621,0.011860
0.129415,0.009630
0.129113,0.007825
0.128677,0.006371
0.128062,0.005198
0.129910,0.008219
0.129853,0.011135
0.129765,0.009565
0.129630,0.007813
0.129428,0.006343
0.129131,0.005154
0.128703,0.004195
0.128098,0.003423
0.129911,0.005415
0.129856,0.007338
0.129769,0.006303
0.129637,0.005148
0.129438,0.004180
0.129145,0.003396
0.128724,0.002764
0.128128,0.002255
0.129914,0.003574
0.129859,0.004847
0.129774,0.004163
0.129644,0.003400
0.129449,0.002760
0.129163,0.002242
0.128748,0.001825
0.128162,0.001489
0.128638,0.001536
0.128008,0.001616
0.127139,0.001367
0.125967,0.001127
0.124424,0.000927
0.122439,0.000764
0.119951,0.000631
0.116911,0.000523
0.113300,0.000434
0.109125,0.000361
0.104433,0.000301
0.099302,0.000252
0.093839,0.000211
0.088167,0.000176
0.082413,0.000148
0.076696,0.000124
0.071121,0.000104
0.032885,0.000087
0.031624,0.000072
0.030400,0.000058
0.029215,0.000046
0.028070,0.000037
0.026966,0.000030
0.025904,0.000024
0.024883,0.000019
0.023903,0.000016
0.022963,0.000013
0.022064,0.000010
0.021203,0.000008
0.020380,0.000007
0.019593,0.000006
0.018842,0.000005
0.018125,0.000004
0.017441,0.000003
0.016788,0.000003
0.016165,0.000002
0.015571,0.000002
0.015004,0.000002
0.014464,0.000001
0.013948,0.000001
0.013455,0.000001
0.012986,0.000001
0.012537,0.000001
0.012109,0.000001
0.011700,0.000001
0.011309,0.000001
0.010936,0.000001
0.010579,0.000001
0.010238,0.000001
0.009912,0.000001
0.009599,0.000001
0.009300,0.000001
0.009014,0.000001
0.008740,0.000001
0.008477,0.000001
0.008226,0.000001
0.007984,0.000000
0.007752,0.000000
0.007530,0.000000
0.001045,-1.414458
0.003442,-2.690540
0.007031,-2.288779
0.011504,-1.803194
0.016505,-1.407434
0.021699,-1.098922
0.026821,-0.858817
0.031687,-0.671099
0.036186,-0.523680
0.040264,-0.407533
0.043905,-0.315852
0.047117,-0.243440
0.049925,-0.186280
0.052360,-0.141231
0.054458,-0.105818
0.056254,-0.078074
0.057783,-0.056434
0.059077,-0.039643
0.060165,-0.026698
0.061077,-0.016796
0.061834,-0.009291
0.061348,-0.005162
0.060777,-0.003781
0.120282,-0.002956
0.117311,-0.002356
0.113769,-0.001902
0.109662,-0.001532
0.105029,-0.001227
0.099946,-0.000973
0.094517,-0.000762
0.088863,-0.000585
0.083112,-0.000437
0.077385,-0.000314
0.071788,-0.000212
0.066407,-0.000126
0.061302,-0.000056
0.056515,0.000002
0.052067,0.000048
0.047964,0.000086
0.044199,0.000115
0.040758,0.000138
0.037624,0.000155
0.034773,0.000168
0.032183,0.000177
0.029832,0.000182
0.027696,0.000185
0.025756,0.000187
0.023991,0.000186
0.022385,0.000184
0.020921,0.000181
0.019585,0.000178
0.018364,0.000174
0.017246,0.000169
0.016220,0.000165
0.015279,0.000160
