0.672300,0.964500,0.665697,0.979178
0.678600,0.964500,0.665700,0.979270
0.684800,0.964500,0.667660,0.979439
0.691100,0.964500,0.685430,0.978866
0.697300,0.964500,0.693552,0.978266
0.703600,0.964500,0.702520,0.976925
0.709800,0.964500,0.716254,0.974352
0.716100,0.964500,0.726964,0.971883
0.722300,0.964500,0.753902,0.964342
0.728500,0.964500,0.761682,0.961710
0.734800,0.964500,0.762015,0.961667
0.741000,0.964500,0.762008,0.961623
0.747300,0.964500,0.762033,0.961680
0.753500,0.964500,0.765643,0.960457
0.759800,0.964500,0.766547,0.960167
0.766000,0.964500,0.768828,0.959633
0.772200,0.964500,0.775044,0.957854
0.778500,0.964500,0.775816,0.957832
0.784700,0.964500,0.780551,0.956706
0.791000,0.964500,0.790513,0.955453
0.797200,0.964500,0.801106,0.954381
0.803500,0.964500,0.809837,0.953728
0.809700,0.964500,0.818829,0.953210
0.816000,0.964500,0.827870,0.953299
0.822200,0.964500,0.836338,0.953926
0.828400,0.964500,0.843791,0.954541
0.834700,0.964500,0.847859,0.955088
0.840900,0.964500,0.853671,0.955701
0.847200,0.964500,0.862008,0.956923
0.853400,0.964500,0.867012,0.957799
0.859700,0.964500,0.873185,0.959117
0.865900,0.964500,0.876692,0.959835
0.872200,0.964500,0.881139,0.960598
0.878400,0.964500,0.886395,0.961623
0.884600,0.964500,0.889958,0.962255
0.890900,0.964500,0.896340,0.963005
0.897100,0.964500,0.902817,0.964100
0.903400,0.964500,0.907149,0.964783
0.909600,0.964500,0.914972,0.965895
0.915900,0.964500,0.919855,0.966721
0.922100,0.964500,0.925246,0.967439
0.928300,0.964500,0.932570,0.968510
0.934600,0.964500,0.939495,0.969415
0.940800,0.964500,0.947219,0.970092
0.947100,0.964500,0.967089,0.971305
0.953300,0.964500,0.971702,0.971565
0.959600,0.964500,0.976649,0.971410
0.965800,0.964500,0.977944,0.971342
0.972100,0.964500,0.981318,0.971245
0.978300,0.964500,0.986517,0.970817
0.984500,0.964500,0.987603,0.970679
0.990800,0.964500,0.992017,0.970335
0.997000,0.964500,0.996481,0.969776
1.003300,0.964500,1.004967,0.968494
1.009500,0.964500,1.011499,0.967563
1.015800,0.964500,1.019354,0.966541
1.022000,0.964500,1.026759,0.965632
1.028300,0.964500,1.034242,0.964589
1.034500,0.964500,1.041463,0.963663
1.040700,0.964500,1.050258,0.962587
1.047000,0.964500,1.055418,0.961932
1.053200,0.964500,1.065360,0.960660
1.059500,0.964500,1.070872,0.959827
1.065700,0.964500,1.075179,0.959143
1.072000,0.964500,1.081233,0.958648
1.078200,0.964500,1.087722,0.958131
1.084400,0.964500,1.091543,0.957980
1.090700,0.964500,1.098419,0.957709
1.096900,0.964500,1.103241,0.957615
1.103200,0.964500,1.109675,0.957593
1.109400,0.964500,1.115521,0.957539
1.115700,0.964500,1.123070,0.957371
1.121900,0.964500,1.129220,0.957428
1.128200,0.964500,1.137554,0.957823
1.134400,0.964500,1.145846,0.958232
1.140600,0.964500,1.150943,0.958549
1.146900,0.964500,1.157935,0.959129
1.153100,0.964500,1.164772,0.959654
1.159400,0.964500,1.168217,0.960056
1.165600,0.964500,1.174504,0.960846
1.171900,0.964500,1.180207,0.961777
1.178100,0.964500,1.184841,0.962718
1.184400,0.964500,1.190546,0.963470
1.190600,0.964500,1.197313,0.964320
1.196800,0.964500,1.202649,0.965232
1.203100,0.964500,1.209212,0.966243
1.209300,0.964500,1.214981,0.967115
1.215600,0.964500,1.221417,0.968094
1.221800,0.964500,1.225649,0.968637
1.228100,0.964500,1.229974,0.969131
1.234300,0.964500,1.238870,0.969663
1.240500,0.964500,1.244404,0.970084
1.246800,0.964500,1.249239,0.970263
1.253000,0.964500,1.256752,0.970440
1.259300,0.964500,1.266168,0.970696
1.265500,0.964500,1.271377,0.970559
1.271800,0.964500,1.277529,0.970299
1.278000,0.964500,1.284775,0.969858
1.284300,0.964500,1.290899,0.969382
1.290500,0.964500,1.298773,0.968781
1.296700,0.964500,1.303754,0.968329
1.303000,0.964500,1.310068,0.967600
1.309200,0.964500,1.315059,0.967033
1.315500,0.964500,1.320162,0.966605
1.321700,0.964500,1.328441,0.965744
1.328000,0.964500,1.334570,0.965424
1.334200,0.964500,1.339497,0.964999
1.340500,0.964500,1.345835,0.964633
1.346700,0.964500,1.352863,0.964029
1.352900,0.964500,1.357393,0.963785
1.359200,0.964500,1.363848,0.963213
1.365400,0.964500,1.370720,0.962711
1.371700,0.964500,1.376077,0.962332
1.377900,0.964500,1.381462,0.961792
1.384200,0.964500,1.387742,0.961332
1.390400,0.964500,1.393223,0.960776
1.396600,0.964500,1.401022,0.960209
1.402900,0.964500,1.408250,0.959781
1.409100,0.964500,1.414655,0.959507
1.415400,0.964500,1.420610,0.959267
1.421600,0.964500,1.427525,0.959191
1.427900,0.964500,1.434036,0.959370
1.434100,0.964500,1.440117,0.959548
1.440400,0.964500,1.450408,0.959989
1.446600,0.964500,1.454486,0.960249
1.452800,0.964500,1.460434,0.960458
1.459100,0.964500,1.465091,0.960611
1.465300,0.964500,1.471281,0.961153
1.471600,0.964500,1.477996,0.961862
1.477800,0.964500,1.483371,0.962298
1.484100,0.964500,1.488646,0.962635
1.490300,0.964500,1.493317,0.962987
1.496600,0.964500,1.501668,0.963761
1.502800,0.964500,1.508264,0.964138
1.509000,0.964500,1.514766,0.964606
1.515300,0.964500,1.519989,0.964855
1.521500,0.964500,1.525629,0.964920
1.527800,0.964500,1.531759,0.965334
1.534000,0.964500,1.539358,0.965502
1.540300,0.964500,1.544518,0.965472
1.546500,0.964500,1.551917,0.965469
1.552700,0.964500,1.558711,0.965306
1.559000,0.964500,1.563738,0.965070
1.565200,0.964500,1.570936,0.964822
1.571500,0.964500,1.576395,0.964616
1.577700,0.964500,1.582554,0.964209
1.584000,0.964500,1.587395,0.964061
1.590200,0.964500,1.594501,0.963731
1.596500,0.964500,1.599607,0.963514
1.602700,0.964500,1.605848,0.963291
1.608900,0.964500,1.611422,0.962965
1.615200,0.964500,1.617798,0.962685
1.621400,0.964500,1.624075,0.962525
1.627700,0.964500,1.631813,0.962481
1.633900,0.964500,1.637838,0.962607
1.640200,0.964500,1.646028,0.962502
1.646400,0.964500,1.653732,0.962605
1.652700,0.964500,1.674880,0.962728
1.658900,0.964500,1.678976,0.962715
1.665100,0.964500,1.685427,0.962622
1.671400,0.964500,1.691795,0.962646
1.677600,0.964500,1.697660,0.962594
1.683900,0.964500,1.703643,0.962655
1.690100,0.964500,1.709029,0.962634
1.696400,0.964500,1.714750,0.962756
1.702600,0.964500,1.720074,0.962725
1.706800,0.964500,1.726739,0.962684
1.710900,0.964500,1.732078,0.962822
1.713000,0.964500,1.731268,0.962783
1.715100,0.964500,1.731102,0.962750
1.717200,0.964500,1.730045,0.962649
1.719300,0.964500,1.728347,0.962561
1.723400,0.964500,1.724426,0.962693
1.727600,0.964500,1.724229,0.962674
1.731700,0.964500,1.724372,0.962644
1.735900,0.964500,1.726749,0.962599
1.740100,0.964500,1.735505,0.962752
1.742100,0.964500,1.741864,0.962806
1.744200,0.964500,1.746249,0.962797
1.746300,0.964500,1.751941,0.962821
1.748400,0.964500,1.752074,0.962831
1.750500,0.964500,1.751697,0.962789
1.752600,0.964500,1.752312,0.962814
1.756700,0.964500,1.753532,0.962881
1.760900,0.964500,1.760290,0.962832
1.765000,0.964500,1.761844,0.962916
1.769200,0.964500,1.767463,0.962887
1.773400,0.964500,1.772578,0.963074
1.777500,0.964500,1.787741,0.962984
1.781700,0.964500,1.791397,0.963062
1.785900,0.964500,1.795740,0.962993
1.790000,0.964500,1.795733,0.962980
1.794200,0.964500,1.795714,0.962957
1.798300,0.964500,1.800643,0.962953
1.802500,0.964500,1.807049,0.962958
1.806700,0.964500,1.807281,0.962897
1.810800,0.964500,1.807769,0.962954
1.815000,0.964500,1.814185,0.962924
1.819200,0.964500,1.815562,0.963073
1.823300,0.964500,1.816612,0.962956
1.827500,0.964500,1.822825,0.962813
1.831600,0.964500,1.829926,0.962951
1.835800,0.964500,1.834273,0.962990
1.840000,0.964500,1.840473,0.962925
1.844100,0.964500,1.845522,0.963005
1.848300,0.964500,1.849134,0.962958
1.852500,0.964500,1.852660,0.962942
1.856600,0.964500,1.854730,0.963042
1.860800,0.964500,1.858838,0.962923
1.864900,0.964500,1.864152,0.963085
1.869100,0.964500,1.868544,0.963112
1.873300,0.964500,1.870372,0.963325
1.877400,0.964500,1.876586,0.963551
1.881600,0.964500,1.880806,0.963907
1.883700,0.964500,1.883869,0.964342
1.885800,0.964500,1.884527,0.964410
1.887800,0.964500,1.884507,0.964486
1.889900,0.964500,1.887043,0.964687
1.892000,0.964500,1.891119,0.965113
1.894100,0.964500,1.891474,0.965136
1.896200,0.964500,1.891390,0.965184
1.898200,0.964500,1.891783,0.965254
1.900300,0.964500,1.896178,0.965482
1.902400,0.964500,1.898560,0.965745
1.904500,0.964500,1.898859,0.965808
1.906600,0.964500,1.900048,0.965887
1.908700,0.964500,1.902974,0.965839
1.910700,0.964500,1.908875,0.965614
1.912800,0.964500,1.910118,0.965619
1.914900,0.964500,1.912451,0.965645
1.917000,0.964500,1.914312,0.965709
1.919100,0.964500,1.915342,0.965757
1.921100,0.964500,1.915552,0.965721
1.923200,0.964500,1.919959,0.965616
1.925300,0.964500,1.924161,0.965400
1.927400,0.964500,1.924422,0.965406
1.929500,0.964500,1.928038,0.965159
1.931600,0.964500,1.930716,0.965097
1.933600,0.964500,1.930534,0.965136
1.935700,0.964500,1.930548,0.965078
1.937800,0.964500,1.937170,0.964816
1.939900,0.964500,1.939957,0.964742
1.942000,0.964500,1.940816,0.964699
1.944000,0.964500,1.940694,0.964755
1.946100,0.964500,1.940521,0.964700
1.948200,0.964500,1.946942,0.964244
1.950300,0.964500,1.950531,0.964047
1.952400,0.964500,1.951644,0.964077
1.954400,0.964500,1.951596,0.964073
1.956500,0.964500,1.955302,0.963802
1.958600,0.964500,1.957521,0.963886
1.960700,0.964500,1.958280,0.963938
1.962800,0.964500,1.958370,0.963914
1.964900,0.964500,1.960626,0.963724
1.966900,0.964500,1.962021,0.963770
1.969000,0.964500,1.963735,0.963733
1.971100,0.964500,1.970207,0.963265
1.973200,0.964500,1.972334,0.963124
1.975300,0.964500,1.973139,0.963224
1.977300,0.964500,1.976950,0.963019
1.979400,0.964500,1.980692,0.962692
1.981500,0.964500,1.980583,0.962749
1.983600,0.964500,1.981371,0.962703
1.985700,0.964500,1.981410,0.962703
1.987700,0.964500,1.984119,0.962468
1.989800,0.964500,1.984851,0.962477
1.991900,0.964500,1.984874,0.962444
1.994000,0.964500,1.984890,0.962441
1.996100,0.964500,1.984892,0.962429
1.998200,0.964500,1.984881,0.962438
2.000200,0.964500,1.984886,0.962444
2.002300,0.964500,1.984884,0.962448
2.004400,0.964500,1.984886,0.962444
2.006500,0.964500,1.984873,0.962461
2.008600,0.964500,1.984866,0.962486
2.010600,0.964500,1.984885,0.962451
2.012700,0.964500,1.984882,0.962423
2.014800,0.964500,1.984894,0.962444
2.016900,0.964500,1.984887,0.962425
2.019000,0.964500,1.985075,0.962435
2.021000,0.964500,1.984867,0.962421
2.023100,0.964500,1.984990,0.962497
2.025200,0.964500,1.984860,0.962434
2.027300,0.964500,1.984888,0.962433
2.029400,0.964500,1.984887,0.962432
2.031500,0.964500,1.984988,0.962483
2.033500,0.964500,1.984886,0.962435
2.035600,0.964500,1.984997,0.962474
2.037700,0.964500,1.984866,0.962458
2.039800,0.964500,1.984876,0.962412
2.041900,0.964500,1.984897,0.962429
2.043900,0.964500,1.992552,0.962100
2.046000,0.964500,2.012452,0.961107
2.048100,0.964500,2.024752,0.960618
2.050200,0.964500,2.034899,0.960156
2.054300,0.964500,2.049891,0.959526
2.058500,0.964500,2.057847,0.959214
2.062700,0.964500,2.063217,0.959179
2.066800,0.964500,2.071173,0.959230
2.071000,0.964500,2.078416,0.959593
2.075200,0.964500,2.083628,0.959667
2.079300,0.964500,2.087119,0.959834
2.083500,0.964500,2.087863,0.959870
2.087700,0.964500,2.092206,0.960400
2.091800,0.964500,2.093886,0.960622
2.096000,0.964500,2.094766,0.960726
2.100100,0.964500,2.098917,0.961367
2.104300,0.964500,2.102517,0.961928
2.108500,0.964500,2.109587,0.962832
2.112600,0.964500,2.114540,0.963734
2.116800,0.964500,2.116357,0.964180
2.121000,0.964500,2.122994,0.965075
2.125100,0.964500,2.126173,0.965653
2.129300,0.964500,2.126221,0.965629
2.133400,0.964500,2.129425,0.966093
2.137600,0.964500,2.133275,0.966883
2.141800,0.964500,2.134792,0.967052
2.145900,0.964500,2.139339,0.967648
2.150100,0.964500,2.151572,0.969135
2.156300,0.964500,2.166255,0.970236
2.162600,0.964500,2.185835,0.970469
2.168800,0.964500,2.194730,0.969922
2.175100,0.964500,2.196059,0.969814
2.181300,0.964500,2.196708,0.969703
2.187600,0.964500,2.212295,0.966241
2.193800,0.964500,2.218084,0.965101
2.200000,0.964500,2.221413,0.964186
2.206300,0.964500,2.227168,0.962564
2.212500,0.964500,2.228671,0.962021
2.218800,0.964500,2.244754,0.957369
2.225000,0.964500,2.244942,0.957339
2.231300,0.964500,2.244872,0.957368
2.237500,0.964500,2.246959,0.956805
2.243800,0.964500,2.250818,0.955898
2.250000,0.964500,2.250876,0.955830
2.256200,0.964500,2.251515,0.955788
2.262500,0.964500,2.257719,0.954707
2.268700,0.964500,2.261096,0.954316
2.275000,0.964500,2.262166,0.954222
2.281200,0.964500,2.266102,0.953931
2.287500,0.964500,2.280617,0.953342
2.293700,0.964500,2.292058,0.953093
2.299900,0.964500,2.304203,0.953543
2.306200,0.964500,2.312483,0.954265
2.312400,0.964500,2.318145,0.955010
2.318700,0.964500,2.322796,0.955646
2.324900,0.964500,2.328524,0.956465
2.331200,0.964500,2.334371,0.957550
2.337400,0.964500,2.339244,0.958500
2.343700,0.964500,2.344394,0.959514
2.349900,0.964500,2.349704,0.960796
2.356100,0.964500,2.356047,0.962442
2.362400,0.964500,2.362906,0.964100
2.368600,0.964500,2.368543,0.965586
2.374900,0.964500,2.373092,0.966722
2.381100,0.964500,2.378153,0.967790
2.387400,0.964500,2.383568,0.968995
2.393600,0.964500,2.386856,0.969754
2.399900,0.964500,2.391971,0.970503
2.406100,0.964500,2.398193,0.971439
2.412300,0.964500,2.405093,0.972280
2.418600,0.964500,2.416011,0.973261
2.424800,0.964500,2.423495,0.973598
2.431100,0.964500,2.429110,0.973662
2.437300,0.964500,2.436177,0.973371
2.443600,0.964500,2.442222,0.972963
2.449800,0.964500,2.447794,0.972326
2.456000,0.964500,2.454370,0.971503
2.462300,0.964500,2.461192,0.970211
2.468500,0.964500,2.466948,0.969140
2.474800,0.964500,2.475780,0.966490
2.481000,0.964500,2.483298,0.964364
2.487300,0.964500,2.488958,0.962710
2.493500,0.964500,2.494715,0.960987
2.499800,0.964500,2.499574,0.959565
2.506000,0.964500,2.506315,0.957849
2.512200,0.964500,2.512980,0.956521
2.518500,0.964500,2.519325,0.955400
2.524700,0.964500,2.523406,0.954532
2.531000,0.964500,2.528142,0.953514
2.537200,0.964500,2.535516,0.952634
2.543500,0.964500,2.543602,0.951906
2.549700,0.964500,2.549442,0.951242
2.556000,0.964500,2.556192,0.950858
2.562200,0.964500,2.566956,0.950681
2.568400,0.964500,2.575592,0.950322
2.574700,0.964500,2.583572,0.950722
2.580900,0.964500,2.591606,0.951394
2.587200,0.964500,2.598675,0.952394
2.593400,0.964500,2.604531,0.953166
2.599700,0.964500,2.611392,0.954546
2.605900,0.964500,2.616700,0.955848
2.612100,0.964500,2.624359,0.957932
2.618400,0.964500,2.629724,0.959614
2.624600,0.964500,2.635960,0.961800
2.630900,0.964500,2.640486,0.963547
2.637100,0.964500,2.643879,0.964780
2.643400,0.964500,2.648102,0.966161
2.649600,0.964500,2.653946,0.968062
2.655900,0.964500,2.659416,0.969813
2.662100,0.964500,2.663355,0.970966
2.668300,0.964500,2.668879,0.972380
2.674600,0.964500,2.674052,0.973423
2.680800,0.964500,2.679436,0.974422
2.687100,0.964500,2.684264,0.975156
2.693300,0.964500,2.691129,0.975837
2.699600,0.964500,2.700225,0.975907
2.705800,0.964500,2.706313,0.975739
2.712100,0.964500,2.712326,0.975383
2.718300,0.964500,2.720163,0.974573
2.724500,0.964500,2.725869,0.973731
2.730800,0.964500,2.733322,0.972549
2.737000,0.964500,2.739818,0.971313
2.743300,0.964500,2.746699,0.969761
2.749500,0.964500,2.753916,0.967723
2.755800,0.964500,2.760500,0.965654
2.762000,0.964500,2.766089,0.963769
2.768200,0.964500,2.772809,0.961037
2.774500,0.964500,2.779298,0.958760
2.780700,0.964500,2.784667,0.957160
2.787000,0.964500,2.790647,0.955310
2.793200,0.964500,2.797427,0.953754
2.799500,0.964500,2.802346,0.952602
2.805700,0.964500,2.809377,0.951211
2.812000,0.964500,2.816303,0.950269
2.818200,0.964500,2.822206,0.949540
2.824400,0.964500,2.827937,0.949077
2.830700,0.964500,2.835845,0.948728
2.836900,0.964500,2.842250,0.948607
2.843200,0.964500,2.849063,0.948849
2.849400,0.964500,2.855214,0.949082
2.855700,0.964500,2.861602,0.949617
2.861900,0.964500,2.868062,0.950546
2.868200,0.964500,2.874798,0.951593
2.874400,0.964500,2.881979,0.952895
2.880600,0.964500,2.888786,0.954117
2.886900,0.964500,2.894942,0.955360
2.893100,0.964500,2.903510,0.957283
2.899400,0.964500,2.910367,0.959037
2.905600,0.964500,2.916265,0.960790
2.911900,0.964500,2.920493,0.961940
2.918100,0.964500,2.925956,0.963718
2.924300,0.964500,2.929897,0.964438
2.930600,0.964500,2.934417,0.965883
2.936800,0.964500,2.941849,0.967164
2.943000,0.964500,2.945181,0.968332
2.949000,0.964700,2.950390,0.969139
2.955000,0.965100,2.955674,0.970183
2.960900,0.965500,2.960962,0.970950
2.966700,0.966200,2.967010,0.971834
2.972500,0.967100,2.975324,0.972779
2.978300,0.968100,2.981017,0.973344
2.984000,0.969300,2.986414,0.973706
2.989600,0.970600,2.992873,0.973979
2.995100,0.972200,2.998536,0.974167
3.000600,0.973900,3.007438,0.974540
3.006100,0.975700,3.015168,0.975006
3.011400,0.977700,3.022959,0.975338
3.016700,0.979800,3.029159,0.975402
3.021900,0.982100,3.037936,0.975998
3.027000,0.984500,3.044504,0.976349
3.032000,0.987100,3.051543,0.976629
3.037000,0.989800,3.056224,0.976859
3.041900,0.992700,3.059278,0.977115
3.046600,0.995700,3.064801,0.978122
3.051300,0.998800,3.068991,0.979212
3.055800,1.002100,3.073660,0.981004
3.060300,1.005400,3.078810,0.983318
3.064700,1.008900,3.085310,0.986459
3.069000,1.012600,3.090330,0.989955
3.073100,1.016300,3.097303,0.994938
3.077200,1.020200,3.101983,0.998882
3.081100,1.024200,3.107038,1.003866
3.085000,1.028200,3.112320,1.009537
3.088600,1.032500,3.116491,1.014739
3.092200,1.036700,3.120111,1.020132
3.095700,1.041200,3.125892,1.029960
3.099000,1.045700,3.129341,1.037628
3.102300,1.050300,3.132276,1.045330
3.105300,1.055000,3.134738,1.053233
3.108300,1.059800,3.136538,1.061172
3.111100,1.064700,3.137774,1.069861
3.113700,1.069600,3.138330,1.076635
3.116300,1.074700,3.138846,1.082750
3.118700,1.079800,3.139245,1.088430
3.120900,1.085100,3.138708,1.094822
3.123000,1.090400,3.138449,1.100474
3.124900,1.095700,3.138330,1.107648
3.126800,1.101200,3.137596,1.113809
3.128300,1.106700,3.137186,1.118024
3.129800,1.112300,3.136768,1.120343
3.131100,1.117900,3.136086,1.126583
3.132200,1.123600,3.135159,1.132353
3.133300,1.129400,3.134839,1.136663
3.134000,1.135200,3.134391,1.142097
3.134600,1.141100,3.134011,1.147824
3.135100,1.147000,3.133995,1.152008
3.135300,1.153000,3.133776,1.158572
3.135500,1.159000,3.133276,1.164070
3.135500,1.165200,3.133367,1.169954
3.135500,1.171500,3.133275,1.176776
3.135500,1.177700,3.133369,1.185148
3.135500,1.184000,3.133637,1.191080
3.135500,1.190200,3.133835,1.196741
3.135500,1.196500,3.134092,1.203073
3.135500,1.202700,3.134380,1.209289
3.135500,1.209000,3.134723,1.215040
3.135500,1.215200,3.134925,1.220602
3.135500,1.221500,3.135242,1.227619
3.135500,1.227700,3.135473,1.232486
3.135500,1.234000,3.135627,1.238884
3.135500,1.240200,3.136090,1.245002
3.135500,1.246400,3.136335,1.249954
3.135500,1.252700,3.136728,1.256519
3.135500,1.258900,3.136893,1.262377
3.135500,1.265200,3.137294,1.267809
3.135500,1.271400,3.137713,1.274700
3.135500,1.277700,3.137984,1.281215
3.135500,1.283900,3.138313,1.287088
3.135500,1.290200,3.138533,1.293588
3.135500,1.296400,3.138822,1.298987
3.135500,1.302700,3.139147,1.309000
3.135500,1.308900,3.139245,1.315786
3.135500,1.315200,3.139199,1.322170
3.135500,1.321400,3.138905,1.329094
3.135500,1.327600,3.138727,1.335142
3.135500,1.333900,3.138547,1.339845
3.135500,1.340100,3.138316,1.345843
3.135500,1.346400,3.138084,1.351350
3.135500,1.352600,3.137919,1.356510
3.135500,1.358900,3.137857,1.361481
3.135500,1.365100,3.137546,1.367349
3.135500,1.371400,3.137293,1.374179
3.135500,1.377600,3.136977,1.379526
3.135500,1.383900,3.137024,1.384853
3.135500,1.390100,3.136721,1.392548
3.135500,1.396400,3.136508,1.398479
3.135500,1.402600,3.136391,1.405714
3.135500,1.408900,3.136290,1.410587
3.135500,1.415100,3.136433,1.417947
3.135500,1.421300,3.136560,1.423641
3.135500,1.427600,3.136809,1.428423
3.135500,1.433800,3.137160,1.434155
3.135500,1.440100,3.137309,1.442454
3.135500,1.446300,3.137671,1.448934
3.135500,1.452600,3.138201,1.456761
3.135500,1.458800,3.138341,1.471273
3.135500,1.465100,3.138658,1.478713
3.135500,1.471300,3.138571,1.485478
3.135500,1.477600,3.138642,1.495015
3.135500,1.481700,3.138592,1.499278
3.135500,1.485900,3.138840,1.501251
3.135500,1.490100,3.138746,1.500685
3.135500,1.494200,3.138511,1.500633
3.135500,1.498400,3.138612,1.502929
3.135500,1.502500,3.138636,1.502888
3.135500,1.506700,3.138503,1.504274
3.135500,1.510900,3.138527,1.505210
3.135500,1.515000,3.138379,1.508886
3.135500,1.519200,3.138498,1.513911
3.135500,1.521300,3.138585,1.516388
3.135500,1.523400,3.138562,1.525150
3.135500,1.525500,3.138621,1.531859
3.135500,1.527500,3.138581,1.535595
3.135500,1.527500,3.138564,1.540989
3.135500,1.527500,3.138610,1.540294
3.135500,1.527500,3.138538,1.539466
3.135500,1.527500,3.138531,1.539447
3.135500,1.527500,3.138780,1.537471
3.135500,1.527500,3.139014,1.529457
3.135500,1.529600,3.138931,1.526756
3.135500,1.531700,3.138966,1.526565
3.135500,1.533800,3.138978,1.526598
3.135500,1.535900,3.138960,1.526613
3.135500,1.537900,3.138937,1.527974
3.135500,1.540000,3.138904,1.535801
3.135500,1.540000,3.138733,1.539210
3.135500,1.540000,3.138757,1.541389
3.135500,1.540000,3.138353,1.548187
3.135500,1.540000,3.138198,1.550160
3.135500,1.540000,3.138434,1.547828
3.135500,1.540000,3.138506,1.546710
3.135500,1.540000,3.138470,1.546717
3.135500,1.540000,3.138512,1.546716
3.135500,1.540000,3.138588,1.546779
3.135500,1.540000,3.138496,1.546690
3.135500,1.542100,3.138628,1.546811
3.135500,1.544200,3.138559,1.546810
3.135500,1.548400,3.138583,1.546721
3.135500,1.552500,3.138593,1.546707
3.135500,1.558800,3.138656,1.546608
3.135500,1.565000,3.138521,1.545466
3.135500,1.571300,3.138896,1.541552
3.135500,1.577500,3.138431,1.546214
3.135500,1.583700,3.137418,1.559436
3.135500,1.590000,3.136187,1.574978
3.135500,1.596200,3.135457,1.589265
3.135500,1.602500,3.135191,1.599991
3.135500,1.608700,3.134794,1.611258
3.135500,1.615000,3.134523,1.618390
3.135500,1.621200,3.134173,1.626511
3.135500,1.627500,3.134148,1.631250
3.135500,1.633700,3.134207,1.637218
3.135500,1.640000,3.134310,1.645247
3.135500,1.646200,3.134381,1.651312
3.135500,1.652500,3.134515,1.657768
3.135500,1.658700,3.134644,1.662559
3.135500,1.665000,3.134679,1.669644
3.135500,1.665000,3.134803,1.674256
3.135500,1.665000,3.134687,1.680262
3.135500,1.665000,3.134824,1.687509
3.135500,1.665000,3.134915,1.692388
3.135500,1.665000,3.135001,1.698297
3.135500,1.665000,3.134952,1.698421
3.135500,1.665000,3.134916,1.698368
3.135500,1.665000,3.134961,1.698401
3.135500,1.665000,3.134933,1.698410
3.135500,1.665000,3.134931,1.698403
3.135500,1.665000,3.134937,1.698379
3.135500,1.665000,3.134925,1.698395
3.135500,1.665000,3.134924,1.698414
3.135500,1.665000,3.134943,1.698397
3.135500,1.665000,3.134955,1.698388
3.135500,1.665000,3.134938,1.698425
3.135500,1.665000,3.134955,1.698372
3.135500,1.665000,3.134930,1.698389
3.135500,1.665000,3.134906,1.698392
3.135500,1.665000,3.134950,1.698423
3.135500,1.665000,3.134943,1.698412
3.135500,1.665000,3.134946,1.698418
3.135500,1.665000,3.134930,1.698401
3.135500,1.665000,3.134922,1.698418
3.135500,1.665000,3.134955,1.698432
3.135500,1.665000,3.134917,1.698419
3.135500,1.665000,3.134948,1.698428
3.135500,1.665000,3.134963,1.698410
3.135500,1.665000,3.134934,1.698413
3.135500,1.665000,3.134923,1.698422
3.135500,1.665000,3.134959,1.698407
3.135500,1.665000,3.134960,1.698380
3.135500,1.665000,3.134936,1.698408
3.135500,1.665000,3.134938,1.698419
3.135500,1.665000,3.134952,1.698410
3.135500,1.665000,3.134919,1.698397
3.135500,1.665000,3.134926,1.698442
3.135500,1.665000,3.134931,1.698410
3.135500,1.665000,3.134936,1.698408
3.135500,1.665000,3.134941,1.698447
3.135500,1.665000,3.134941,1.698421
3.135500,1.665000,3.134967,1.698420
3.135500,1.665000,3.134945,1.698401
3.135500,1.665000,3.134956,1.698419
3.135500,1.665000,3.134947,1.698440
3.135500,1.665000,3.134948,1.698410
3.135500,1.665000,3.134912,1.698409
3.135500,1.665000,3.134912,1.698426
3.135500,1.665000,3.134940,1.698430
3.135500,1.665000,3.134927,1.698416
3.135500,1.665000,3.134923,1.698432
3.135500,1.665000,3.134939,1.698434
3.135500,1.665000,3.134966,1.698434
3.135500,1.665000,3.134918,1.698420
3.135500,1.665000,3.134945,1.698438
3.135500,1.665000,3.134930,1.698397
3.135500,1.665000,3.134928,1.698398
3.135500,1.665000,3.134951,1.698390
3.135500,1.665000,3.134937,1.698425
3.135500,1.665000,3.134937,1.698455
3.135500,1.665000,3.134905,1.698412
3.135500,1.665000,3.134913,1.698414
3.135500,1.665000,3.134933,1.698383
3.135500,1.665000,3.134910,1.698407
3.135500,1.665000,3.134922,1.698401
3.135500,1.665000,3.134907,1.698424
3.135500,1.665000,3.134913,1.698378
3.135500,1.665000,3.134945,1.698429
3.135500,1.665000,3.134958,1.698415
3.135500,1.665000,3.134940,1.698400
3.135500,1.665000,3.134952,1.698430
3.135500,1.665000,3.134922,1.698416
3.135500,1.665000,3.134949,1.698420
3.135500,1.665000,3.134932,1.698406
3.135500,1.665000,3.134933,1.698420
3.135500,1.665000,3.134940,1.698420
3.135500,1.665000,3.134942,1.698415
3.135500,1.665000,3.134899,1.698418
3.135500,1.665000,3.134920,1.698409
3.135500,1.665000,3.134921,1.698434
3.135500,1.665000,3.134947,1.698435
3.135500,1.665000,3.134934,1.698421
3.135500,1.665000,3.134948,1.698428
3.135500,1.665000,3.134946,1.698444
3.135500,1.665000,3.134909,1.698410
3.135500,1.665000,3.134934,1.698420
3.135500,1.665000,3.134933,1.698418
3.135500,1.665000,3.134939,1.698426
3.135500,1.665000,3.134935,1.698482
3.135500,1.665000,3.134952,1.698419
3.135500,1.665000,3.134935,1.698412
3.135500,1.665000,3.134913,1.698427
3.135500,1.665000,3.134941,1.698427
3.135500,1.665000,3.134928,1.698431
3.135500,1.665000,3.134945,1.698411
3.135500,1.665000,3.134957,1.698419
3.135500,1.665000,3.134912,1.698440
3.135500,1.665000,3.134966,1.698407
3.135500,1.665000,3.134929,1.698454
3.135500,1.704500,3.134922,1.698439
3.135500,1.710800,3.134945,1.698448
3.135500,1.717000,3.134949,1.698399
3.135500,1.723300,3.134994,1.704134
3.135500,1.729500,3.135073,1.717199
3.135500,1.735700,3.135065,1.730565
3.135500,1.742000,3.134868,1.744093
3.135500,1.748200,3.135155,1.755812
3.135500,1.754500,3.135276,1.767036
3.135500,1.760700,3.135444,1.777853
3.135500,1.767000,3.135371,1.785958
3.135500,1.773200,3.135500,1.786983
3.135500,1.779500,3.135501,1.790139
3.135500,1.785700,3.135471,1.790327
3.135500,1.792000,3.135768,1.794608
3.135500,1.798200,3.135794,1.801249
3.135500,1.804500,3.135937,1.805329
3.135500,1.810700,3.136417,1.813454
3.135500,1.816900,3.136790,1.822801
3.135500,1.823200,3.137152,1.829780
3.135500,1.829400,3.137476,1.837985
3.135500,1.835700,3.137708,1.844090
3.135500,1.841900,3.138294,1.852081
3.135500,1.848200,3.138649,1.856586
3.135500,1.854400,3.138859,1.863357
3.135500,1.860700,3.139141,1.869254
3.135500,1.866900,3.139367,1.874128
3.135500,1.873200,3.139550,1.879126
3.135500,1.879400,3.139588,1.884358
3.135500,1.885700,3.139756,1.892375
3.135500,1.891900,3.139800,1.899794
3.135500,1.898100,3.139772,1.904848
3.135500,1.904400,3.139876,1.912183
3.135500,1.910600,3.139933,1.918565
3.135500,1.916900,3.139895,1.923740
3.135500,1.923100,3.139979,1.928470
3.135500,1.929400,3.139991,1.935462
3.135500,1.935600,3.140004,1.941936
3.135500,1.941900,3.139972,1.947090
3.135500,1.948100,3.140000,1.952995
3.135500,1.954400,3.140126,1.957895
3.135500,1.960600,3.140204,1.963451
3.135500,1.966900,3.140220,1.969895
3.135500,1.973100,3.140191,1.976584
3.135500,1.979300,3.139835,1.984430
3.135500,1.985600,3.139565,1.990895
3.135500,1.991800,3.139128,1.998782
3.135500,1.998100,3.138581,2.005973
3.135500,2.004300,3.137793,2.016698
3.135500,2.010600,3.137146,2.024353
3.135500,2.016800,3.136835,2.029270
3.135500,2.023100,3.136604,2.031594
3.135500,2.029300,3.136147,2.036606
3.135500,2.035600,3.135624,2.042990
3.135500,2.041800,3.135152,2.048003
3.135500,2.048100,3.134697,2.054530
3.135500,2.054300,3.134272,2.059136
3.135500,2.060600,3.133901,2.064221
3.135500,2.066800,3.133317,2.071914
3.135500,2.073000,3.132877,2.077093
3.135500,2.079300,3.132507,2.081628
3.135500,2.085500,3.131974,2.088672
3.135500,2.091800,3.131528,2.094802
3.135500,2.098000,3.131138,2.100561
3.135500,2.104300,3.130747,2.107234
3.135500,2.110500,3.130452,2.114916
3.135500,2.116800,3.130332,2.120122
3.135500,2.123000,3.130348,2.127256
3.135500,2.129300,3.130409,2.133966
3.135500,2.135500,3.130546,2.139331
3.135500,2.141800,3.130983,2.148602
3.135500,2.148000,3.131245,2.152705
3.135500,2.154200,3.132039,2.159304
3.135500,2.160500,3.132639,2.165915
3.135500,2.166700,3.133513,2.172058
3.135500,2.173000,3.134390,2.177307
3.135500,2.179200,3.135224,2.182144
3.135500,2.185500,3.135985,2.186657
3.135500,2.191700,3.137276,2.193636
3.135500,2.198000,3.138034,2.199160
3.135500,2.204200,3.138894,2.206452
3.135400,2.209500,3.139596,2.212374
3.135200,2.215500,3.139889,2.218292
3.134800,2.221400,3.140302,2.224384
3.134200,2.227300,3.137933,2.237972
3.133500,2.233200,3.139385,2.249255
3.132600,2.238900,3.139905,2.264932
3.131500,2.244700,3.139913,2.265258
3.130200,2.250300,3.139507,2.267839
3.128800,2.256000,3.138860,2.274188
3.127300,2.261500,3.138588,2.277933
3.125500,2.267000,3.138166,2.280292
3.123700,2.272400,3.137973,2.282048
3.121600,2.277700,3.137444,2.285059
3.119400,2.282900,3.136769,2.289289
3.117100,2.288100,3.135558,2.295747
3.114600,2.293200,3.134140,2.301346
3.112000,2.298200,3.132294,2.307677
3.109200,2.303100,3.129210,2.316278
3.107300,2.306400,3.126511,2.322243
3.105300,2.309500,3.121772,2.331050
3.103300,2.312700,3.116486,2.339406
3.101200,2.315800,3.108164,2.350360
3.099000,2.318800,3.102221,2.356606
3.096900,2.321900,3.096822,2.361723
3.094500,2.324800,3.093927,2.364102
3.092200,2.327700,3.092141,2.365488
3.089900,2.330600,3.093947,2.363680
3.087400,2.333500,3.100275,2.359712
3.085000,2.336300,3.101303,2.359208
3.082400,2.339000,3.098700,2.360361
3.079800,2.341700,3.092233,2.362399
3.077200,2.344300,3.087980,2.363510
3.074500,2.346900,3.081000,2.364701
3.071800,2.349500,3.072410,2.365426
3.069000,2.351900,3.068084,2.365807
3.066100,2.354400,3.062123,2.366131
3.063200,2.356700,3.057979,2.366227
3.060300,2.359000,3.057330,2.366172
3.057400,2.361400,3.055098,2.366535
3.054300,2.363500,3.054310,2.366605
3.051300,2.365700,3.053623,2.366516
3.048200,2.367800,3.053353,2.366529
3.045000,2.369800,3.049387,2.366717
3.043400,2.370800,3.048855,2.366732
3.041900,2.371800,3.049067,2.366720
3.040200,2.372800,3.048333,2.366630
3.038600,2.373700,3.045234,2.366930
3.037000,2.374600,3.037506,2.367950
3.035300,2.375600,3.035774,2.368024
3.033700,2.376500,3.034915,2.368065
3.032000,2.377400,3.034472,2.368285
3.030400,2.378200,3.033323,2.368702
3.028700,2.379100,3.031970,2.368802
3.027000,2.380000,3.030148,2.369428
3.025300,2.380800,3.027072,2.370390
3.023600,2.381600,3.026770,2.370573
3.021900,2.382400,3.026817,2.370444
3.020200,2.383200,3.025379,2.370962
3.018400,2.383900,3.019478,2.373400
3.016700,2.384700,3.019403,2.373256
3.014900,2.385400,3.011385,2.377277
3.013200,2.386100,3.010290,2.377960
3.011400,2.386800,3.007375,2.379754
3.009600,2.387500,3.004242,2.381658
3.007900,2.388200,3.003503,2.382135
3.006100,2.388800,3.001033,2.384060
3.004300,2.389400,2.998381,2.386033
3.002400,2.390000,2.997394,2.386990
3.000600,2.390600,2.996505,2.387734
2.998800,2.391300,2.996196,2.388069
2.997000,2.391800,2.995227,2.389048
2.995100,2.392300,2.993052,2.391226
2.993300,2.392800,2.991861,2.392214
2.991500,2.393300,2.991844,2.392188
2.989600,2.393900,2.991903,2.392195
2.987700,2.394300,2.991642,2.392479
2.985800,2.394700,2.986486,2.397905
2.984000,2.395200,2.983039,2.401395
2.982100,2.395600,2.984017,2.400382
2.980200,2.396000,2.981921,2.402341
2.978300,2.396400,2.980717,2.403297
2.976400,2.396700,2.977654,2.406204
2.974400,2.397100,2.975602,2.407993
2.972500,2.397400,2.975763,2.407831
2.970600,2.397800,2.974283,2.409005
2.968700,2.398000,2.972925,2.410084
2.966700,2.398300,2.972996,2.410034
2.964800,2.398500,2.969336,2.412223
2.962800,2.398700,2.969046,2.412387
2.960900,2.399000,2.968970,2.412518
2.958900,2.399100,2.965543,2.414041
2.956900,2.399300,2.964081,2.414536
2.955000,2.399400,2.964166,2.414491
2.953000,2.399600,2.959352,2.415919
2.951000,2.399700,2.955160,2.416821
2.949000,2.399800,2.955149,2.416830
2.947000,2.399800,2.949271,2.417502
2.945000,2.399900,2.948442,2.417686
2.943000,2.399900,2.948616,2.417535
2.941000,2.400000,2.948645,2.417535
2.938900,2.400000,2.948640,2.417518
2.936900,2.400000,2.948648,2.417553
2.934800,2.400000,2.948664,2.417525
2.932800,2.400000,2.948696,2.417537
2.930700,2.400000,2.948646,2.417560
2.928700,2.400000,2.948631,2.417527
2.926600,2.400000,2.948621,2.417531
2.924600,2.400000,2.948634,2.417538
2.922500,2.400000,2.948694,2.417533
2.920500,2.400000,2.948592,2.417524
2.918400,2.400000,2.948624,2.417531
2.916400,2.400000,2.948641,2.417545
2.914300,2.400000,2.948687,2.417509
2.912300,2.400000,2.948673,2.417556
2.910200,2.400000,2.948655,2.417584
2.908200,2.400000,2.948710,2.417545
2.906100,2.400000,2.948644,2.417533
2.904000,2.400000,2.948690,2.417554
2.902000,2.400000,2.948635,2.417541
2.899900,2.400000,2.948691,2.417574
2.897900,2.400000,2.948681,2.417538
2.895800,2.400000,2.948694,2.417571
2.893800,2.400000,2.948679,2.417574
2.891700,2.400000,2.948634,2.417546
2.889700,2.400000,2.948648,2.417520
2.887600,2.400000,2.948689,2.417544
2.885600,2.400000,2.945121,2.417691
2.883500,2.400000,2.928240,2.417096
2.881500,2.400000,2.909104,2.415096
2.879400,2.400000,2.896812,2.413645
2.875300,2.400000,2.880808,2.411087
2.871200,2.400000,2.861853,2.406887
2.867100,2.400000,2.847492,2.403642
2.863000,2.400000,2.842115,2.402277
2.858900,2.400000,2.845184,2.403106
2.854800,2.400000,2.849410,2.404047
2.850700,2.400100,2.848737,2.403753
2.846600,2.400100,2.848758,2.403746
2.842500,2.400200,2.843158,2.402140
2.838400,2.400400,2.840409,2.401075
2.834300,2.400600,2.837651,2.400018
2.830300,2.400700,2.831904,2.398298
2.826200,2.401100,2.829162,2.397326
2.822200,2.401400,2.828339,2.396854
2.818100,2.401700,2.823494,2.396017
2.814100,2.402100,2.818179,2.394749
2.810100,2.402500,2.817228,2.394461
2.806000,2.403000,2.814318,2.393924
2.802000,2.403500,2.805917,2.392569
2.798000,2.404100,2.803500,2.392281
2.794000,2.404600,2.801424,2.391930
2.790000,2.405300,2.797054,2.391749
2.786100,2.405900,2.791232,2.391645
2.782100,2.406600,2.789489,2.391528
2.778200,2.407400,2.784613,2.391947
2.774200,2.408200,2.780390,2.392169
2.770300,2.409000,2.776993,2.392377
2.766400,2.409900,2.772085,2.393571
2.762400,2.410800,2.763559,2.395574
2.758500,2.411700,2.759715,2.396631
2.754700,2.412700,2.756784,2.397767
2.750800,2.413700,2.748562,2.400901
2.746900,2.414700,2.743631,2.402862
2.743100,2.415900,2.741256,2.403832
2.739200,2.417000,2.738723,2.405182
2.735400,2.418100,2.731055,2.409488
2.731600,2.419400,2.727087,2.411746
2.727800,2.420600,2.725298,2.412823
2.724000,2.421900,2.719062,2.416910
2.720200,2.423200,2.717038,2.418217
2.716500,2.424600,2.716853,2.418330
2.712700,2.425900,2.712058,2.421569
2.709000,2.427400,2.707870,2.424350
2.705300,2.428900,2.705316,2.426103
2.701600,2.430300,2.701390,2.428844
2.697900,2.431900,2.697483,2.431419
2.694300,2.433500,2.694483,2.433485
2.690600,2.435100,2.690997,2.435827
2.687000,2.436700,2.688305,2.437587
2.683400,2.438400,2.684436,2.440025
2.679800,2.440100,2.680828,2.442276
2.676200,2.441900,2.678285,2.443788
2.672700,2.443700,2.674394,2.445904
2.669100,2.445500,2.670430,2.448068
2.665600,2.447400,2.668462,2.448995
2.662100,2.449300,2.663652,2.451398
2.658600,2.451100,2.660082,2.453216
2.655100,2.453100,2.659145,2.453817
2.651700,2.455100,2.652238,2.456931
2.648200,2.457100,2.647576,2.459120
2.644900,2.459200,2.644321,2.460646
2.641500,2.461300,2.639362,2.462771
2.638100,2.463400,2.638406,2.463240
2.634800,2.465600,2.636365,2.464063
2.631400,2.467800,2.633599,2.465225
2.628100,2.470000,2.630845,2.466209
2.624800,2.472300,2.625233,2.468732
2.621600,2.474600,2.623444,2.469191
2.618300,2.476900,2.619692,2.470998
2.615100,2.479300,2.615069,2.473093
2.611900,2.481700,2.614991,2.473179
2.608700,2.484100,2.611580,2.475008
2.605600,2.486600,2.604554,2.478716
2.602500,2.489100,2.601925,2.480015
2.599300,2.491600,2.597911,2.482601
2.596300,2.494200,2.593721,2.485491
2.593200,2.496800,2.591110,2.487430
2.590200,2.499400,2.586966,2.491046
2.587200,2.502100,2.584580,2.493199
2.584200,2.504800,2.582244,2.495302
2.581200,2.507500,2.575285,2.501601
2.578300,2.510300,2.574435,2.502633
2.575400,2.513000,2.573114,2.504124
2.572500,2.515800,2.569068,2.508749
2.569700,2.518700,2.558838,2.521591
2.566900,2.521600,2.556439,2.525229
2.564100,2.524400,2.555661,2.526302
2.561300,2.527400,2.552063,2.532216
2.558600,2.530400,2.551417,2.533364
2.555800,2.533300,2.551498,2.533067
2.553200,2.536400,2.551303,2.533481
2.550500,2.539400,2.548261,2.540070
2.547800,2.542500,2.547624,2.541267
2.545300,2.545600,2.545666,2.545448
2.542700,2.548800,2.543124,2.550522
2.540100,2.551900,2.540175,2.556747
2.537600,2.555200,2.539704,2.557412
2.535100,2.558400,2.537135,2.562176
2.532700,2.561600,2.536224,2.563856
2.530300,2.564900,2.534568,2.567065
2.527900,2.568300,2.532984,2.569636
2.525800,2.571000,2.532892,2.569899
2.523600,2.574200,2.531300,2.572564
2.521300,2.577300,2.520688,2.590880
2.519000,2.580400,2.516102,2.598975
2.516600,2.583500,2.513524,2.602990
2.514200,2.586600,2.513065,2.603553
2.511800,2.589600,2.513805,2.602762
2.509300,2.592600,2.513720,2.602695
2.506800,2.595600,2.513735,2.602759
2.504200,2.598500,2.513121,2.603585
2.501600,2.601400,2.511665,2.605609
2.499000,2.604300,2.511740,2.605487
2.496300,2.607100,2.511692,2.605520
2.493600,2.609900,2.506763,2.610955
2.490800,2.612700,2.501255,2.616743
2.488000,2.615400,2.498023,2.620249
2.485200,2.618100,2.495943,2.622373
2.482300,2.620800,2.490661,2.627388
2.479400,2.623400,2.486954,2.630601
2.476500,2.626000,2.483428,2.633459
2.473500,2.628600,2.480858,2.635640
2.470500,2.631100,2.477146,2.638379
2.467400,2.633600,2.474795,2.640197
2.464300,2.636000,2.472243,2.642012
2.461200,2.638400,2.467969,2.644732
2.458000,2.640800,2.463602,2.647637
2.454900,2.643200,2.460260,2.649836
2.451600,2.645400,2.458216,2.651127
2.448300,2.647700,2.453691,2.653506
2.445000,2.649900,2.449574,2.655895
2.441700,2.652100,2.446234,2.657778
2.438300,2.654200,2.441400,2.660466
2.434900,2.656300,2.437868,2.662269
2.431500,2.658300,2.434591,2.664021
2.428000,2.660300,2.430435,2.665965
2.424500,2.662300,2.425890,2.668126
2.421000,2.664200,2.423005,2.669372
2.417500,2.666000,2.419711,2.670787
2.413900,2.667900,2.415102,2.672665
2.410300,2.669600,2.411621,2.673950
2.406700,2.671300,2.407912,2.675347
2.403200,2.673000,2.404035,2.676559
2.399500,2.674600,2.399752,2.677894
2.395900,2.676100,2.396181,2.679002
2.392200,2.677600,2.392849,2.679925
2.388600,2.679100,2.388445,2.681011
2.384900,2.680500,2.387067,2.681552
2.381200,2.681800,2.382093,2.683068
2.377500,2.683200,2.378700,2.683954
2.373800,2.684400,2.378671,2.684032
2.370000,2.685600,2.372137,2.686037
2.366300,2.686800,2.365950,2.687851
2.362500,2.687900,2.363743,2.688469
2.358800,2.688900,2.360288,2.689518
2.355000,2.689900,2.353977,2.691584
2.351200,2.690900,2.349989,2.692800
2.347400,2.691800,2.346424,2.693883
2.343600,2.692600,2.340737,2.695621
2.339800,2.693400,2.334969,2.697497
2.336000,2.694200,2.332080,2.698300
2.332100,2.694900,2.332111,2.698267
2.328300,2.695600,2.327732,2.699395
2.324500,2.696100,2.325188,2.700190
2.320600,2.696700,2.323395,2.700581
2.316800,2.697200,2.319638,2.701458
2.312900,2.697600,2.316365,2.702588
2.309000,2.698100,2.314265,2.703102
2.305200,2.698400,2.310600,2.703988
2.301300,2.698700,2.307923,2.704744
2.297400,2.699000,2.301328,2.706344
2.293600,2.699200,2.294953,2.707875
2.289700,2.699300,2.289176,2.708835
2.285800,2.699400,2.283721,2.709677
2.281900,2.699500,2.279997,2.710057
2.278100,2.699500,2.277602,2.710133
2.274200,2.699400,2.271890,2.710070
2.270300,2.699300,2.268698,2.710034
2.266400,2.699200,2.265861,2.710015
2.262600,2.699000,2.262932,2.709972
2.258700,2.698700,2.257885,2.709514
2.254800,2.698400,2.250940,2.708764
2.250900,2.698100,2.248221,2.708484
2.247100,2.697600,2.245207,2.708000
2.243200,2.697200,2.241521,2.707271
2.239400,2.696700,2.236334,2.706284
2.235500,2.696100,2.232759,2.705432
2.231700,2.695600,2.230053,2.704804
2.227900,2.694900,2.224702,2.703375
2.224000,2.694200,2.221391,2.702423
2.220200,2.693400,2.219024,2.701601
2.216400,2.692600,2.215742,2.700570
2.212600,2.691800,2.212328,2.699307
2.208800,2.690900,2.207405,2.697496
2.205000,2.689900,2.204987,2.696543
2.201200,2.688900,2.200946,2.695070
2.197500,2.687900,2.196333,2.693452
2.193700,2.686800,2.192536,2.691960
2.190000,2.685600,2.188276,2.690321
2.186200,2.684400,2.184033,2.688513
2.182500,2.683200,2.181634,2.687617
2.178800,2.681800,2.178090,2.686104
2.175100,2.680500,2.173457,2.683923
2.171400,2.679100,2.169418,2.681879
2.167800,2.677600,2.164188,2.679484
2.164100,2.676100,2.160100,2.677534
2.160500,2.674600,2.157817,2.676388
2.156800,2.673000,2.154152,2.674440
2.153300,2.671300,2.150027,2.672290
2.149700,2.669600,2.148743,2.671549
2.146100,2.667900,2.145707,2.669922
2.142500,2.666000,2.142008,2.667894
2.139000,2.664200,2.141032,2.667229
2.135500,2.662300,2.137094,2.665230
2.132000,2.660300,2.130106,2.661459
2.128500,2.658300,2.128774,2.660731
2.125100,2.656300,2.125690,2.659114
2.121700,2.654200,2.119445,2.655692
2.118300,2.652100,2.115062,2.653177
2.115000,2.649900,2.113977,2.652513
2.111700,2.647700,2.109818,2.650486
2.108400,2.645400,2.106817,2.648684
2.105100,2.643200,2.105403,2.647947
2.102000,2.640800,2.101112,2.645334
2.098800,2.638400,2.095652,2.642139
2.095700,2.636000,2.093815,2.641015
2.092600,2.633600,2.088379,2.637319
2.089500,2.631100,2.083831,2.634122
2.086500,2.628600,2.082015,2.632883
2.083500,2.626000,2.079114,2.630786
2.080600,2.623400,2.074885,2.627518
2.077700,2.620800,2.070474,2.624110
2.074800,2.618100,2.067908,2.622051
2.072000,2.615400,2.067874,2.622015
2.069200,2.612700,2.062498,2.617357
2.066400,2.609900,2.057162,2.612350
2.063700,2.607100,2.056670,2.611941
2.061000,2.604300,2.055126,2.610497
2.058400,2.601400,2.051405,2.606365
2.055800,2.598500,2.048178,2.602913
2.053200,2.595600,2.045698,2.600419
2.050700,2.592600,2.043637,2.597857
2.048200,2.589600,2.039805,2.593516
2.045800,2.586600,2.038739,2.591916
2.043300,2.583500,2.035519,2.588241
2.041000,2.580400,2.033597,2.585830
2.038700,2.577300,2.030410,2.581380
2.036400,2.574200,2.028478,2.578626
2.034200,2.571000,2.027319,2.577078
2.032000,2.567800,2.024229,2.572624
2.029800,2.564600,2.021769,2.568240
2.027700,2.561300,2.020310,2.565945
2.025600,2.558100,2.017843,2.562140
2.023600,2.554700,2.016334,2.559252
2.021600,2.551400,2.013541,2.553951
2.019700,2.548100,2.011142,2.549157
2.017800,2.544700,2.010028,2.547087
2.015900,2.541300,2.009010,2.544764
2.014100,2.537800,2.006345,2.538817
2.012400,2.534400,2.004929,2.535728
2.010600,2.530900,2.004149,2.533320
2.009000,2.527400,2.002455,2.529018
2.007300,2.523900,2.001424,2.526031
2.005800,2.520300,2.000019,2.521818
2.004200,2.516800,1.997975,2.515449
2.002700,2.513200,1.997326,2.513211
2.001300,2.509600,1.996973,2.512105
1.999900,2.505900,1.995894,2.508225
1.998300,2.501800,1.994841,2.503510
1.996800,2.498100,1.993343,2.498405
1.995400,2.494400,1.992057,2.493687
1.993900,2.490700,1.991177,2.490690
1.992300,2.487100,1.989502,2.484176
1.990700,2.483500,1.988212,2.480439
1.989100,2.479900,1.987198,2.476278
1.987400,2.476400,1.986133,2.472931
1.985600,2.472800,1.985440,2.470439
1.983900,2.469300,1.984580,2.467673
1.982000,2.465900,1.983425,2.463387
1.980200,2.462400,1.982970,2.461223
1.978300,2.459000,1.981801,2.458096
1.976300,2.455700,1.980683,2.453217
1.974400,2.452300,1.980030,2.451492
1.972400,2.449000,1.978238,2.446467
1.970300,2.445700,1.976755,2.441779
1.968200,2.442500,1.976450,2.441350
1.966100,2.439200,1.975485,2.439019
1.963900,2.436100,1.973388,2.433551
1.961700,2.432900,1.971914,2.429900
1.959400,2.429700,1.971700,2.428835
1.957100,2.426700,1.967786,2.422133
1.954800,2.423600,1.966559,2.419431
1.952500,2.420500,1.965463,2.417795
1.950100,2.417600,1.962068,2.412963
1.947600,2.414600,1.960084,2.410021
1.945200,2.411600,1.958492,2.408232
1.942700,2.408800,1.954398,2.403734
1.940100,2.405900,1.953330,2.402634
1.937600,2.403000,1.950338,2.399569
1.934900,2.400200,1.943230,2.392901
1.932300,2.397500,1.939342,2.389375
1.929600,2.394700,1.938537,2.388668
1.926900,2.392100,1.935138,2.385936
1.924200,2.389400,1.931270,2.382996
1.921400,2.386800,1.928770,2.381178
1.918600,2.384200,1.924165,2.378147
1.915800,2.381600,1.920788,2.375777
1.912900,2.379100,1.912269,2.370672
1.910000,2.376600,1.906152,2.367497
1.907100,2.374200,1.902667,2.365658
1.904200,2.371800,1.902361,2.365417
1.901200,2.369400,1.896885,2.362959
1.898200,2.367100,1.893384,2.361233
1.895100,2.364800,1.893247,2.361375
1.892100,2.362500,1.892801,2.361223
1.889000,2.360300,1.887186,2.359117
1.885900,2.358100,1.886323,2.358645
1.882700,2.356000,1.882630,2.357444
1.879500,2.353900,1.876760,2.355025
1.876300,2.351800,1.872041,2.353012
1.873100,2.349800,1.866202,2.350245
1.869800,2.347800,1.862484,2.348464
1.866600,2.345900,1.860534,2.347419
1.863200,2.344000,1.856972,2.345267
1.859900,2.342200,1.855105,2.344216
1.856600,2.340300,1.851695,2.342361
1.853200,2.338600,1.849603,2.341182
1.849800,2.336800,1.848132,2.340313
1.846400,2.335100,1.844178,2.338117
1.842900,2.333500,1.841629,2.336488
1.839500,2.331900,1.840255,2.335802
1.836000,2.330300,1.834106,2.332116
1.832500,2.328800,1.829641,2.329221
1.829000,2.327300,1.827146,2.327806
1.825400,2.325900,1.824883,2.326273
1.821800,2.324500,1.818403,2.321825
1.818200,2.323200,1.816246,2.320370
1.814600,2.321900,1.815573,2.319855
1.811000,2.320600,1.814156,2.318759
1.807400,2.319400,1.813354,2.318219
1.803700,2.318200,1.808518,2.315156
1.800000,2.317100,1.807380,2.314495
1.796300,2.316000,1.804685,2.313110
1.792600,2.315000,1.800027,2.310597
1.788900,2.314100,1.797756,2.309528
1.785100,2.313100,1.795555,2.308541
1.781400,2.312200,1.790018,2.306184
1.777600,2.311400,1.786862,2.305016
1.773800,2.310600,1.784912,2.304502
1.770000,2.309800,1.778758,2.302697
1.766100,2.309200,1.775431,2.301948
1.762300,2.308500,1.773846,2.301308
1.758500,2.307900,1.770534,2.300801
1.754600,2.307400,1.764722,2.299776
1.750700,2.306800,1.761619,2.299218
1.746800,2.306400,1.758348,2.298891
1.742900,2.306000,1.752298,2.298531
1.739000,2.305600,1.748942,2.298224
1.735100,2.305300,1.743379,2.298257
1.731100,2.305100,1.737357,2.298362
1.727200,2.304800,1.733866,2.298427
1.723200,2.304700,1.730330,2.298775
1.719300,2.304600,1.722076,2.299384
1.715300,2.304500,1.718059,2.299763
1.711200,2.304500,1.715221,2.300107
1.707100,2.304500,1.707627,2.301032
1.702900,2.304500,1.704873,2.301427
1.698700,2.304500,1.701776,2.301651
1.694600,2.304500,1.696340,2.302687
1.688300,2.304500,1.687392,2.304159
1.682100,2.304500,1.682564,2.305006
1.675900,2.304500,1.675732,2.306230
1.669600,2.304500,1.666428,2.307969
1.663400,2.304500,1.659367,2.309323
1.657100,2.304500,1.652261,2.310348
1.650900,2.304500,1.644599,2.311422
1.644600,2.304500,1.636519,2.312747
1.638400,2.304500,1.630495,2.313634
1.632200,2.304500,1.625205,2.314407
1.625900,2.304500,1.616229,2.315126
1.619700,2.304500,1.611036,2.315372
1.613400,2.304500,1.604313,2.315473
1.607200,2.304500,1.599403,2.315388
1.600900,2.304500,1.593275,2.315174
1.594700,2.304500,1.588881,2.314853
1.588500,2.304500,1.583401,2.314516
1.582200,2.304500,1.576530,2.313850
1.576000,2.304500,1.571711,2.313269
1.569700,2.304500,1.565906,2.312562
1.563500,2.304500,1.561135,2.311886
1.557200,2.304500,1.554142,2.310614
1.551000,2.304500,1.545766,2.308950
1.544800,2.304500,1.541591,2.308147
1.538500,2.304500,1.531774,2.306079
1.532300,2.304500,1.525469,2.304741
1.526000,2.304500,1.519276,2.303486
1.519800,2.304500,1.510803,2.301870
1.513500,2.304500,1.503527,2.300473
1.507300,2.304500,1.495715,2.298707
1.501100,2.304500,1.491314,2.297765
1.494800,2.304500,1.487902,2.297159
1.488600,2.304500,1.483309,2.296271
1.482300,2.304500,1.480352,2.295688
1.476100,2.304500,1.476388,2.295302
1.469800,2.304500,1.469040,2.294667
1.463600,2.304500,1.464406,2.294236
1.457400,2.304500,1.457352,2.294130
1.451100,2.304500,1.449992,2.294069
1.444900,2.304500,1.443217,2.294086
1.438600,2.304500,1.437264,2.294538
1.432400,2.304500,1.427770,2.295665
1.426200,2.304500,1.421496,2.296543
1.419900,2.304500,1.415724,2.297461
1.413700,2.304500,1.409813,2.298459
1.407400,2.304500,1.402565,2.299712
1.401200,2.304500,1.396604,2.300849
1.394900,2.304500,1.390494,2.302292
1.388700,2.304500,1.383491,2.304188
1.382500,2.304500,1.376256,2.305897
1.376200,2.304500,1.369631,2.307720
1.370000,2.304500,1.361368,2.309671
1.363700,2.304500,1.357541,2.310337
1.357500,2.304500,1.351793,2.311533
1.351200,2.304500,1.346102,2.312411
1.345000,2.304500,1.340210,2.313350
1.338800,2.304500,1.333507,2.314042
1.332500,2.304500,1.325948,2.314540
1.326300,2.304500,1.320640,2.314514
1.320000,2.304500,1.316730,2.314621
1.313800,2.304500,1.300522,2.314334
1.307500,2.304500,1.294702,2.314191
1.301300,2.304500,1.289221,2.314043
1.295100,2.304500,1.283090,2.313602
1.288800,2.304500,1.278737,2.313206
1.282600,2.304500,1.270960,2.312795
1.276300,2.304500,1.266009,2.312216
1.270100,2.304500,1.263887,2.311781
1.263800,2.304500,1.252258,2.309857
1.257600,2.304500,1.246282,2.308523
1.251400,2.304500,1.237722,2.306711
1.245100,2.304500,1.231222,2.305181
1.238900,2.304500,1.227895,2.304661
1.232600,2.304500,1.224963,2.304253
1.226400,2.304500,1.220271,2.303541
1.220100,2.304500,1.214846,2.302772
1.213900,2.304500,1.210833,2.302355
1.207700,2.304500,1.206188,2.301901
1.201400,2.304500,1.201348,2.301545
1.195200,2.304500,1.193276,2.301119
1.188900,2.304500,1.189366,2.300933
1.182700,2.304500,1.183536,2.300862
1.176400,2.304500,1.176848,2.300678
1.170200,2.304500,1.167087,2.300670
1.164000,2.304500,1.159745,2.300523
1.157700,2.304500,1.152842,2.300537
1.151500,2.304500,1.146753,2.300649
1.145200,2.304500,1.140141,2.300996
1.139000,2.304500,1.135010,2.301304
1.132700,2.304500,1.127189,2.301924
1.126500,2.304500,1.118781,2.302606
1.120300,2.304500,1.114753,2.302907
1.114000,2.304500,1.106493,2.303761
1.107800,2.304500,1.101217,2.304337
1.101500,2.304500,1.096380,2.304936
1.095300,2.304500,1.087839,2.305802
1.089100,2.304500,1.083221,2.306278
1.082800,2.304500,1.076920,2.306954
1.076600,2.304500,1.070519,2.307674
1.070300,2.304500,1.065130,2.308299
1.064100,2.304500,1.058639,2.308929
1.057800,2.304500,1.053259,2.309379
1.051600,2.304500,1.046393,2.310188
1.045400,2.304500,1.038329,2.311175
1.039100,2.304500,1.033228,2.311657
1.032900,2.304500,1.024632,2.312467
1.026600,2.304500,1.017281,2.312867
1.020400,2.304500,1.011259,2.313162
1.014100,2.304500,1.003688,2.313278
1.007900,2.304500,0.999748,2.313284
1.001700,2.304500,0.995738,2.313283
0.995400,2.304500,0.986556,2.313026
0.989200,2.304500,0.981822,2.312732
0.982900,2.304500,0.976127,2.312427
0.976700,2.304500,0.971313,2.311985
0.970400,2.304500,0.947315,2.309262
0.964200,2.304500,0.941952,2.308533
0.958000,2.304500,0.938501,2.308097
0.951700,2.304500,0.938623,2.307975
0.945500,2.304500,0.933076,2.307423
0.939200,2.304500,0.928549,2.306848
0.933000,2.304500,0.928805,2.306948
0.926700,2.304500,0.924743,2.306698
0.920500,2.304500,0.916448,2.305881
0.914300,2.304500,0.911876,2.305523
0.908000,2.304500,0.904642,2.305164
0.901800,2.304500,0.898695,2.304938
0.895500,2.304500,0.889463,2.304803
0.889300,2.304500,0.880085,2.304721
0.883000,2.304500,0.861055,2.305265
0.876800,2.304500,0.854964,2.305457
0.870600,2.304500,0.850799,2.305686
0.864300,2.304500,0.846059,2.306020
0.858100,2.304500,0.843250,2.306212
0.851800,2.304500,0.840708,2.306594
0.845600,2.304500,0.834334,2.307167
0.839300,2.304500,0.829887,2.307294
0.833100,2.304500,0.823233,2.307465
0.826900,2.304500,0.818606,2.307370
0.820600,2.304500,0.812717,2.307156
0.814400,2.304500,0.805485,2.307066
0.808100,2.304500,0.798992,2.306885
0.801900,2.304500,0.792974,2.306786
0.795600,2.304500,0.786969,2.306510
0.789400,2.304500,0.782206,2.306424
0.783200,2.304500,0.777267,2.306288
0.776900,2.304500,0.770020,2.306215
0.770700,2.304500,0.764308,2.305921
0.764400,2.304500,0.758777,2.305792
0.758200,2.304500,0.751622,2.305557
0.751900,2.304500,0.746021,2.305326
0.745700,2.304500,0.739389,2.304904
0.739500,2.304500,0.732712,2.304881
0.733200,2.304500,0.725828,2.304753
0.727000,2.304500,0.719138,2.304648
0.720700,2.304500,0.714158,2.304539
0.714500,2.304500,0.707335,2.304316
0.708300,2.304500,0.701976,2.304205
0.702000,2.304500,0.695604,2.304101
0.695800,2.304500,0.689884,2.303865
0.689500,2.304500,0.683179,2.303633
0.683300,2.304500,0.677006,2.303459
0.677000,2.304500,0.670741,2.303205
0.670800,2.304500,0.665199,2.303174
0.664600,2.304500,0.659934,2.302963
0.658300,2.304500,0.655179,2.302672
0.652100,2.304500,0.647392,2.302284
0.645800,2.304500,0.641841,2.302070
0.639600,2.304500,0.634864,2.302038
0.633300,2.304500,0.630680,2.302003
0.627100,2.304500,0.622508,2.301652
0.620900,2.304500,0.616608,2.301386
0.614600,2.304500,0.611179,2.301174
0.608400,2.304500,0.604833,2.301222
0.602100,2.304500,0.596471,2.301582
0.595900,2.304500,0.589049,2.301703
0.589600,2.304500,0.582664,2.302015
0.583400,2.304500,0.577217,2.302282
0.578200,2.304500,0.572032,2.302546
0.575100,2.304200,0.565765,2.302797
0.571000,2.303200,0.558118,2.303189
0.568100,2.302100,0.551845,2.303512
0.565300,2.300600,0.544046,2.303861
0.562000,2.298300,0.540097,2.303873
0.557100,2.294800,0.538313,2.303851
0.552300,2.291300,0.535403,2.303745
0.547600,2.287800,0.531292,2.303525
0.542800,2.284200,0.527998,2.302870
0.538100,2.280600,0.522228,2.301638
0.533400,2.277000,0.517499,2.300062
0.528700,2.273400,0.511441,2.297397
0.524000,2.269700,0.505841,2.294126
0.519400,2.266000,0.500440,2.290094
0.514800,2.262300,0.491725,2.282880
0.510200,2.258600,0.485124,2.276327
0.505600,2.254900,0.479379,2.269804
0.501100,2.251100,0.474342,2.263512
0.496600,2.247300,0.471671,2.256190
0.492100,2.243500,0.464813,2.242838
0.487600,2.239600,0.462834,2.238647
0.483100,2.235700,0.461052,2.234801
0.478700,2.231900,0.459955,2.231905
0.474300,2.228000,0.458071,2.227092
0.470000,2.224000,0.456562,2.222983
0.465600,2.220100,0.455372,2.219585
0.461300,2.216100,0.453577,2.214004
0.457000,2.212100,0.448182,2.204155
0.452700,2.208100,0.445107,2.194911
0.448500,2.204000,0.444251,2.193818
0.444200,2.199900,0.443264,2.192335
0.440000,2.195800,0.442422,2.191379
0.435800,2.191700,0.442556,2.191605
0.431700,2.187600,0.441873,2.190545
0.427600,2.183400,0.439066,2.186437
0.423500,2.179300,0.435455,2.181281
0.419400,2.175100,0.429663,2.173540
0.415300,2.170900,0.422524,2.164894
0.411300,2.166600,0.417578,2.159386
0.407300,2.162400,0.412297,2.153839
0.403300,2.158100,0.405775,2.147401
0.399400,2.153800,0.399443,2.141588
0.395400,2.149500,0.393023,2.136017
0.391500,2.145100,0.386936,2.130936
0.387700,2.140800,0.382765,2.127880
0.383800,2.136400,0.378569,2.124957
0.380000,2.132000,0.375640,2.122803
0.376200,2.127600,0.371741,2.120054
0.372400,2.123100,0.368052,2.117251
0.368700,2.118700,0.362650,2.112995
0.365000,2.114200,0.358427,2.109623
0.361300,2.109700,0.353254,2.105577
0.357600,2.105200,0.349138,2.102270
0.354000,2.100600,0.345498,2.099252
0.350300,2.096100,0.339779,2.094475
0.346700,2.091500,0.335482,2.090993
0.343200,2.086900,0.330518,2.085998
0.339600,2.082300,0.326356,2.081729
0.336100,2.077600,0.321968,2.076811
0.332600,2.073000,0.317628,2.071748
0.329200,2.068300,0.314408,2.067671
0.325800,2.063600,0.311069,2.063379
0.322300,2.059000,0.307575,2.058617
0.319000,2.054200,0.304593,2.054467
0.315600,2.049500,0.300658,2.048700
0.312300,2.044700,0.297591,2.043702
0.309000,2.040000,0.293867,2.037832
0.305700,2.035200,0.291654,2.033657
0.302500,2.030400,0.288553,2.027790
0.299300,2.025500,0.286244,2.023684
0.296100,2.020700,0.283461,2.017658
0.292900,2.015800,0.280666,2.011569
0.289800,2.011000,0.277192,2.004292
0.286700,2.006100,0.275070,1.999584
0.283600,2.001100,0.273041,1.995254
0.280500,1.996200,0.270952,1.990233
0.277500,1.991300,0.268212,1.983077
0.274500,1.986300,0.266764,1.979527
0.271500,1.981400,0.264266,1.973351
0.268600,1.976400,0.261907,1.967588
0.265700,1.971400,0.259951,1.962862
0.262800,1.966300,0.258130,1.958243
0.259900,1.961300,0.256574,1.954104
0.257100,1.956200,0.254312,1.948825
0.254300,1.951200,0.252231,1.944036
0.251500,1.946100,0.250463,1.940554
0.248800,1.941000,0.248430,1.936303
0.246100,1.935900,0.245073,1.930316
0.243400,1.930700,0.241710,1.923517
0.240700,1.925600,0.238342,1.917809
0.238100,1.920400,0.236285,1.913935
0.235500,1.915300,0.232763,1.908237
0.232900,1.910100,0.229254,1.901897
0.230400,1.904900,0.226129,1.896814
0.227800,1.899700,0.223554,1.891788
0.225300,1.894500,0.220864,1.887219
0.222900,1.889200,0.217984,1.881855
0.220400,1.884000,0.214495,1.875705
0.218000,1.878700,0.211380,1.870145
0.215700,1.873400,0.208735,1.865361
0.213300,1.868100,0.206657,1.861879
0.211000,1.862800,0.203613,1.855886
0.208700,1.857500,0.201392,1.851915
0.206500,1.852100,0.192756,1.832513
0.204200,1.846800,0.189963,1.825539
0.202000,1.841400,0.186741,1.817961
0.199900,1.836000,0.185969,1.816039
0.197700,1.830700,0.185278,1.814323
0.195600,1.825300,0.183684,1.809874
0.193500,1.819800,0.183368,1.808824
0.191500,1.814400,0.180996,1.801760
0.189400,1.809000,0.180335,1.798934
0.187400,1.803500,0.179843,1.796979
0.185500,1.798100,0.178222,1.791730
0.183600,1.792600,0.176341,1.784560
0.181600,1.787100,0.176006,1.783045
0.179800,1.781600,0.174323,1.777220
0.177900,1.776100,0.173103,1.772685
0.176100,1.770600,0.171931,1.768314
0.174300,1.765100,0.169966,1.760665
0.172600,1.759500,0.168614,1.755584
0.170800,1.754000,0.166848,1.749258
0.169200,1.748400,0.164998,1.742830
0.167500,1.742900,0.163492,1.737389
0.165900,1.737300,0.162130,1.732397
0.164300,1.731700,0.159847,1.724024
0.162700,1.726100,0.158253,1.717902
0.161200,1.720500,0.156876,1.713233
0.159600,1.714800,0.155268,1.707056
0.158100,1.709200,0.153934,1.701861
0.156700,1.703600,0.152492,1.696865
0.155300,1.697900,0.150859,1.691224
0.153900,1.692300,0.149355,1.685218
0.152600,1.686600,0.148037,1.679886
0.151200,1.680900,0.146580,1.674815
0.149900,1.675200,0.144949,1.668641
0.148700,1.669500,0.143680,1.663325
0.147400,1.663800,0.141868,1.656465
0.146300,1.658100,0.139946,1.649871
0.145500,1.654300,0.137474,1.640918
0.144700,1.650500,0.136337,1.636331
0.143900,1.646600,0.136218,1.636316
0.143200,1.642800,0.136279,1.636437
0.142500,1.639000,0.136272,1.636390
0.141800,1.635200,0.134833,1.631258
0.141100,1.631300,0.134277,1.629215
0.140400,1.627500,0.134380,1.629566
0.139700,1.623600,0.134416,1.629276
0.139100,1.619800,0.132214,1.621557
0.138400,1.615900,0.130967,1.617445
0.137800,1.612100,0.130022,1.613772
0.137200,1.608200,0.128865,1.608895
0.136600,1.604400,0.128077,1.604974
0.136000,1.600500,0.127320,1.601467
0.135400,1.596600,0.126550,1.596154
0.134900,1.592700,0.125905,1.591617
0.134300,1.588900,0.125475,1.588951
0.133800,1.585000,0.125037,1.585424
0.133300,1.581100,0.124545,1.580478
0.132800,1.577200,0.124138,1.575770
0.132300,1.573300,0.123902,1.572123
0.131800,1.569400,0.123976,1.569272
0.131400,1.565500,0.123637,1.564203
0.131000,1.561700,0.123664,1.559709
0.130500,1.557800,0.123828,1.556191
0.130100,1.553900,0.123914,1.551212
0.129700,1.549900,0.123977,1.550257
0.129300,1.546000,0.124020,1.546642
0.129000,1.542100,0.124104,1.542559
0.128600,1.538200,0.124194,1.540560
0.128300,1.534300,0.124357,1.535760
0.128000,1.530400,0.124777,1.532777
0.127600,1.526400,0.125413,1.521106
0.127300,1.522500,0.125788,1.518428
0.127100,1.518600,0.125874,1.515338
0.126800,1.514700,0.126344,1.508726
0.126500,1.510700,0.126656,1.506358
0.126300,1.506800,0.126631,1.506987
0.126100,1.502900,0.126844,1.501278
0.125900,1.498900,0.127399,1.495900
0.125800,1.496900,0.127406,1.494139
0.125700,1.495000,0.127577,1.491685
0.125600,1.493000,0.127650,1.490913
0.125500,1.491000,0.127622,1.491114
0.125400,1.489100,0.127592,1.490942
0.125300,1.487100,0.127692,1.489916
0.125300,1.485100,0.127577,1.485515
0.125200,1.483100,0.127617,1.484827
0.125100,1.481200,0.127714,1.482833
0.125100,1.479200,0.127739,1.482343
0.125000,1.477200,0.127634,1.480399
0.124900,1.475200,0.127532,1.477625
0.124900,1.473200,0.127712,1.475763
0.124800,1.471300,0.127671,1.475531
0.124800,1.469300,0.127293,1.469486
0.124800,1.467300,0.127074,1.466970
0.124700,1.465300,0.127277,1.467500
0.124700,1.463400,0.127150,1.467609
0.124600,1.461400,0.126880,1.465645
0.124600,1.459400,0.126648,1.462980
0.124600,1.457400,0.126604,1.461521
0.124600,1.455400,0.126476,1.460766
0.124600,1.453400,0.125855,1.456254
0.124500,1.451500,0.124905,1.451325
0.124500,1.449500,0.124745,1.449570
0.124500,1.447500,0.124525,1.448079
0.124500,1.445500,0.124441,1.447635
0.124500,1.443400,0.124506,1.447668
0.124500,1.441400,0.124088,1.445505
0.124500,1.439300,0.123179,1.440236
0.124500,1.437200,0.122730,1.437576
0.124500,1.435100,0.122590,1.436313
0.124500,1.433000,0.122543,1.436239
0.124500,1.431000,0.122419,1.435023
0.124500,1.428900,0.121280,1.428939
0.124500,1.426800,0.121221,1.428126
0.124500,1.424700,0.121203,1.428113
0.124500,1.422600,0.121173,1.426507
0.124500,1.420600,0.120629,1.422456
0.124500,1.418500,0.120652,1.422925
0.124500,1.416400,0.120248,1.417654
0.124500,1.414300,0.120110,1.415676
0.124500,1.412200,0.120144,1.414018
0.124500,1.410200,0.119941,1.410472
0.124500,1.408100,0.119937,1.410086
0.124500,1.406000,0.120021,1.402305
0.124500,1.403900,0.120055,1.402698
0.124500,1.401900,0.120051,1.402764
0.124500,1.399800,0.120044,1.402638
0.124500,1.397700,0.120056,1.402728
0.124500,1.395600,0.120061,1.402639
0.124500,1.393500,0.120044,1.402748
0.124500,1.391500,0.119997,1.402549
0.124500,1.389400,0.120034,1.402701
0.124500,1.387300,0.120088,1.402664
0.124500,1.385200,0.120106,1.402558
0.124500,1.383100,0.120088,1.402562
0.124500,1.381100,0.120115,1.402691
0.124500,1.379000,0.120097,1.402647
0.124500,1.376900,0.120095,1.402575
0.124500,1.374800,0.120159,1.402705
0.124500,1.372700,0.120146,1.402696
0.124500,1.370700,0.120100,1.402648
0.124500,1.368600,0.120102,1.402555
0.124500,1.366500,0.120151,1.402697
0.124500,1.364400,0.120083,1.402671
0.124500,1.362400,0.120114,1.402470
0.124500,1.360300,0.120112,1.402616
0.124500,1.358200,0.120134,1.402639
0.124500,1.356100,0.120153,1.402664
0.124500,1.354000,0.120088,1.402556
0.124500,1.352000,0.120124,1.402553
0.124500,1.349900,0.120093,1.402686
0.124500,1.348100,0.120087,1.402688
0.124500,1.346200,0.120155,1.402750
0.124600,1.344300,0.120152,1.402661
0.124600,1.342300,0.120097,1.402573
0.124600,1.340400,0.120089,1.402643
0.124700,1.338500,0.120123,1.402564
0.124800,1.336600,0.120278,1.388906
0.124800,1.334700,0.120839,1.368946
0.124900,1.332800,0.120880,1.355409
0.125000,1.330900,0.121303,1.342101
0.125200,1.327100,0.121089,1.332398
0.125400,1.323300,0.121048,1.329947
0.125700,1.319500,0.121113,1.328049
0.126100,1.315700,0.121409,1.321704
0.126400,1.311900,0.121622,1.315907
0.126800,1.308100,0.121885,1.311779
0.127200,1.304300,0.122459,1.305310
0.127700,1.300600,0.122877,1.299583
0.128200,1.296800,0.123032,1.298194
0.128700,1.293100,0.123803,1.290500
0.129300,1.289300,0.124278,1.286369
0.129900,1.285600,0.124587,1.282850
0.130600,1.281900,0.125098,1.278285
0.131300,1.278200,0.125761,1.272881
0.132000,1.274400,0.126147,1.269461
0.132800,1.270700,0.126409,1.266534
0.133500,1.267100,0.127068,1.262446
0.134400,1.263400,0.127489,1.259816
0.135300,1.259700,0.127585,1.257479
0.136100,1.256000,0.128842,1.252687
0.137100,1.252400,0.129442,1.250410
0.138100,1.248700,0.130355,1.245534
0.139100,1.245100,0.131102,1.242439
0.140100,1.241500,0.132782,1.237499
0.141700,1.236100,0.133786,1.233178
0.143400,1.230700,0.134777,1.230264
0.145200,1.225400,0.136074,1.226150
0.147100,1.220000,0.137182,1.222820
0.149000,1.214700,0.138770,1.218489
0.151100,1.209500,0.140918,1.212348
0.153100,1.204200,0.144439,1.203793
0.155300,1.199000,0.149236,1.193244
0.157500,1.193800,0.152204,1.185747
0.159900,1.188700,0.154852,1.179714
0.162300,1.183600,0.158132,1.172816
0.164800,1.178500,0.163318,1.162647
0.167300,1.173500,0.166938,1.155365
0.169900,1.168500,0.168969,1.151672
0.172600,1.163500,0.170146,1.149168
0.175400,1.158600,0.172995,1.144432
0.178200,1.153700,0.175927,1.139612
0.181200,1.148900,0.178852,1.134870
0.184100,1.144000,0.181598,1.130899
0.187200,1.139300,0.186143,1.124645
0.190300,1.134600,0.189286,1.120501
0.193500,1.129900,0.192428,1.116009
0.196800,1.125300,0.196212,1.110798
0.200100,1.120700,0.199485,1.107029
0.203600,1.116100,0.202349,1.103468
0.207100,1.111600,0.207233,1.097756
0.210600,1.107200,0.210752,1.093690
0.214200,1.102800,0.214434,1.089939
0.217900,1.098400,0.217395,1.086755
0.221700,1.094100,0.222024,1.082180
0.225500,1.089900,0.226254,1.077930
0.229400,1.085700,0.229560,1.074845
0.233400,1.081500,0.235050,1.070144
0.237400,1.077400,0.237720,1.067767
0.241500,1.073400,0.242615,1.063776
0.245700,1.069400,0.247514,1.059711
0.249900,1.065500,0.253178,1.054877
0.254100,1.061700,0.257718,1.051279
0.258400,1.057900,0.262611,1.047241
0.262800,1.054200,0.266989,1.043425
0.267200,1.050600,0.271336,1.040109
0.271600,1.047100,0.274920,1.037421
0.276100,1.043600,0.283186,1.030931
0.280700,1.040100,0.286007,1.029100
0.285300,1.036800,0.292337,1.024887
0.289900,1.033500,0.296328,1.021621
0.294600,1.030300,0.302116,1.018239
0.299300,1.027200,0.307194,1.014824
0.304000,1.024100,0.311761,1.012172
0.308900,1.021200,0.316262,1.009314
0.313700,1.018200,0.319849,1.007289
0.318600,1.015400,0.324575,1.004622
0.323500,1.012600,0.329633,1.001822
0.328500,1.009900,0.335392,0.998507
0.333500,1.007300,0.340114,0.996099
0.338500,1.004800,0.345409,0.993469
0.343600,1.002300,0.351885,0.990155
0.348700,0.999900,0.355861,0.988531
0.353800,0.997500,0.362761,0.985634
0.359000,0.995300,0.366982,0.983938
0.364200,0.993100,0.371394,0.982283
0.369500,0.991000,0.380882,0.978838
0.374700,0.989000,0.385413,0.977254
0.380000,0.987100,0.390186,0.975723
0.385400,0.985200,0.395245,0.974131
0.390700,0.983400,0.400300,0.972820
0.396100,0.981700,0.404981,0.971580
0.401500,0.980100,0.409740,0.970441
0.406900,0.978500,0.416420,0.968891
0.412400,0.977100,0.423140,0.967559
0.417900,0.975700,0.428356,0.966643
0.423400,0.974400,0.433769,0.965732
0.428900,0.973200,0.439112,0.965045
0.434400,0.972000,0.444577,0.964326
0.440000,0.970900,0.449082,0.963896
0.445600,0.969900,0.455858,0.963217
0.451200,0.969000,0.463138,0.962869
0.456800,0.968200,0.467337,0.962592
0.462500,0.967400,0.474391,0.962449
0.468100,0.966800,0.478986,0.962452
0.473800,0.966200,0.483643,0.962443
0.479500,0.965700,0.489668,0.962648
0.485200,0.965300,0.495457,0.962889
0.490900,0.965000,0.499681,0.963042
0.496600,0.964800,0.504589,0.963033
0.502300,0.964600,0.510261,0.962836
0.508100,0.964500,0.514858,0.962841
0.514200,0.964500,0.519094,0.962738
0.520400,0.964500,0.524246,0.962424
0.526700,0.964500,0.529879,0.962074
0.532900,0.964500,0.536005,0.961592
0.539100,0.964500,0.544401,0.960863
0.545400,0.964500,0.551187,0.960709
0.551600,0.964500,0.558342,0.960527
0.557900,0.964500,0.562573,0.960446
0.564100,0.964500,0.572927,0.960133
0.570400,0.964500,0.577668,0.959915
0.576600,0.964500,0.585848,0.959768
0.582800,0.964500,0.592012,0.959616
0.589100,0.964500,0.596969,0.959534
0.595300,0.964500,0.601798,0.959427
0.601600,0.964500,0.607679,0.959323
0.607800,0.964500,0.614445,0.959402
0.614100,0.964500,0.619809,0.959409
0.620300,0.964500,0.624967,0.959412
0.626600,0.964500,0.632845,0.959649
0.632800,0.964500,0.638838,0.959572
0.639000,0.964500,0.645016,0.959598
0.645300,0.964500,0.653088,0.959946
0.651500,0.964500,0.658594,0.960292
0.657800,0.964500,0.663787,0.960779
0.664000,0.964500,0.670389,0.960802
0.670300,0.964500,0.676974,0.961332
0.676500,0.964500,0.682640,0.961668
0.682800,0.964500,0.688657,0.961889
0.689000,0.964500,0.695270,0.962233
0.695200,0.964500,0.701079,0.962627
0.701500,0.964500,0.707420,0.962801
0.707700,0.964500,0.712321,0.963029
0.714000,0.964500,0.719624,0.963535
0.720200,0.964500,0.724340,0.963530
0.726500,0.964500,0.730015,0.963931
0.732700,0.964500,0.737291,0.964428
0.738900,0.964500,0.742621,0.964639
0.745200,0.964500,0.751478,0.964861
0.751400,0.964500,0.758828,0.965002
0.757700,0.964500,0.764285,0.964908
0.763900,0.964500,0.772559,0.964607
0.770200,0.964500,0.778280,0.964369
0.776400,0.964500,0.784639,0.964248
0.782700,0.964500,0.790736,0.964008
0.788900,0.964500,0.796465,0.963955
0.795100,0.964500,0.802736,0.963757
0.801400,0.964500,0.807574,0.963298
0.807600,0.964500,0.818715,0.962885
0.813900,0.964500,0.822694,0.962953
0.820100,0.964500,0.825267,0.962777
0.826400,0.964500,0.833877,0.962526
0.832600,0.964500,0.837136,0.962386
0.838900,0.964500,0.843484,0.961946
0.845100,0.964500,0.851923,0.961857
0.851300,0.964500,0.858750,0.961650
0.857600,0.964500,0.866020,0.961814
0.863800,0.964500,0.874717,0.961782
0.870100,0.964500,0.879937,0.962226
0.876300,0.964500,0.889841,0.962561
0.882600,0.964500,0.895626,0.963093
0.888800,0.964500,0.902253,0.963541
0.895000,0.964500,0.906847,0.963793
0.901300,0.964500,0.914025,0.963846
0.907500,0.964500,0.919190,0.964427
0.913800,0.964500,0.922164,0.964477
0.920000,0.964500,0.926698,0.964842
0.926300,0.964500,0.932383,0.964998
0.932500,0.964500,0.935629,0.965391
0.938800,0.964500,0.939295,0.965548
0.945000,0.964500,0.947210,0.965945
0.951200,0.964500,0.955453,0.966506
0.957500,0.964500,0.963529,0.966959
0.963700,0.964500,0.968856,0.967126
0.970000,0.964500,0.975527,0.967354
0.976200,0.964500,0.982347,0.967531
0.982500,0.964500,0.988863,0.967577
0.988700,0.964500,0.995591,0.967408
0.995000,0.964500,1.001878,0.967116
1.001200,0.964500,1.006787,0.966682
1.007400,0.964500,1.014864,0.966124
1.013700,0.964500,1.021192,0.965578
1.019900,0.964500,1.026640,0.964904
1.026200,0.964500,1.032894,0.964268
1.032400,0.964500,1.038094,0.963577
1.038700,0.964500,1.044207,0.962814
1.044900,0.964500,1.048771,0.962510
1.051100,0.964500,1.054865,0.961867
1.057400,0.964500,1.063102,0.960970
1.063600,0.964500,1.067706,0.960567
1.069900,0.964500,1.073967,0.959899
1.076100,0.964500,1.083763,0.958950
1.082400,0.964500,1.090209,0.958466
1.088600,0.964500,1.097543,0.957941
1.094900,0.964500,1.103896,0.957779
1.101100,0.964500,1.111442,0.957505
1.107300,0.964500,1.117145,0.957563
1.113600,0.964500,1.124013,0.957397
1.119800,0.964500,1.130318,0.957540
1.126100,0.964500,1.135184,0.957867
1.132300,0.964500,1.140724,0.958169
1.138600,0.964500,1.146129,0.958613
1.144800,0.964500,1.169491,0.960249
1.151100,0.964500,1.177355,0.960856
1.157300,0.964500,1.182260,0.961134
1.163500,0.964500,1.183948,0.961307
1.169800,0.964500,1.185364,0.961186
1.176000,0.964500,1.187879,0.961612
1.182300,0.964500,1.188556,0.961719
1.188500,0.964500,1.193403,0.962301
1.194800,0.964500,1.200235,0.963480
1.201000,0.964500,1.207194,0.964593
1.207200,0.964500,1.212514,0.965435
1.213500,0.964500,1.218052,0.966131
1.219700,0.964500,1.225111,0.966988
1.226000,0.964500,1.231530,0.967447
1.232200,0.964500,1.237697,0.968009
1.238500,0.964500,1.244124,0.968604
1.244700,0.964500,1.249109,0.968754
1.251000,0.964500,1.259248,0.969166
1.257200,0.964500,1.267050,0.969416
1.263400,0.964500,1.270620,0.969432
1.269700,0.964500,1.275305,0.969398
1.275900,0.964500,1.281435,0.969103
1.282200,0.964500,1.288134,0.968929
1.288400,0.964500,1.295068,0.968303
1.294700,0.964500,1.300640,0.967969
1.300900,0.964500,1.306096,0.967150
1.307200,0.964500,1.312031,0.966550
1.313400,0.964500,1.318042,0.966018
1.319600,0.964500,1.325130,0.965350
1.325900,0.964500,1.331070,0.964841
1.332100,0.964500,1.338393,0.964205
1.338400,0.964500,1.342882,0.963848
1.344600,0.964500,1.347219,0.963409
1.350900,0.964500,1.354483,0.962933
1.357100,0.964500,1.361754,0.962431
1.363300,0.964500,1.368181,0.962073
1.369600,0.964500,1.372836,0.961953
1.375800,0.964500,1.380080,0.961630
1.382100,0.964500,1.386734,0.961308
1.388300,0.964500,1.394857,0.961171
1.394600,0.964500,1.403322,0.961068
1.400800,0.964500,1.409168,0.961124
1.407100,0.964500,1.416976,0.961152
1.413300,0.964500,1.424150,0.961410
1.419500,0.964500,1.428978,0.961584
1.425800,0.964500,1.434216,0.961846
1.432000,0.964500,1.440380,0.962129
1.438300,0.964500,1.444349,0.962424
1.444500,0.964500,1.452298,0.962945
1.450800,0.964500,1.458462,0.963405
1.457000,0.964500,1.465455,0.964087
1.463300,0.964500,1.469892,0.964417
1.469500,0.964500,1.478333,0.965055
1.475700,0.964500,1.483016,0.965453
1.482000,0.964500,1.490134,0.965904
1.488200,0.964500,1.495056,0.966129
1.494500,0.964500,1.500019,0.966407
1.500700,0.964500,1.504289,0.966569
1.507000,0.964500,1.509338,0.966533
1.513200,0.964500,1.514645,0.966465
1.519400,0.964500,1.519198,0.966174
1.525700,0.964500,1.524516,0.965866
1.531900,0.964500,1.530842,0.965410
1.538200,0.964500,1.537730,0.965032
1.544400,0.964500,1.545145,0.964408
1.550700,0.964500,1.553440,0.963960
1.556900,0.964500,1.560830,0.963522
1.563200,0.964500,1.569354,0.962849
1.569400,0.964500,1.575883,0.962479
1.575600,0.964500,1.584136,0.962019
1.581900,0.964500,1.589989,0.962013
1.588100,0.964500,1.596362,0.961811
1.594400,0.964500,1.601578,0.961767
1.600600,0.964500,1.608105,0.961632
1.606900,0.964500,1.612670,0.961401
1.613100,0.964500,1.620509,0.961242
1.619400,0.964500,1.625825,0.961082
1.625600,0.964500,1.631788,0.960964
1.631800,0.964500,1.637849,0.960813
1.638100,0.964500,1.643920,0.960658
1.644300,0.964500,1.648564,0.960539
1.650600,0.964500,1.654484,0.960262
1.656800,0.964500,1.662582,0.959994
1.663100,0.964500,1.670969,0.959953
1.669300,0.964500,1.676633,0.960122
1.675500,0.964500,1.681833,0.960209
1.681800,0.964500,1.687570,0.960287
1.688000,0.964500,1.694588,0.960410
1.694300,0.964500,1.701002,0.960584
1.700500,0.964500,1.707267,0.960836
1.706800,0.964500,1.712925,0.960847
1.713000,0.964500,1.717775,0.960975
1.719300,0.964500,1.724859,0.961042
1.725500,0.964500,1.731337,0.961195
1.729700,0.964500,1.736273,0.961256
1.733800,0.964500,1.743833,0.961362
1.738000,0.964500,1.748914,0.961495
1.742100,0.964500,1.754472,0.961672
1.746300,0.964500,1.759606,0.961758
1.750500,0.964500,1.759744,0.961710
1.754600,0.964500,1.759693,0.961773
1.758800,0.964500,1.760965,0.961837
1.763000,0.964500,1.764356,0.961707
1.767100,0.964500,1.765146,0.961685
1.771300,0.964500,1.769286,0.961793
1.775500,0.964500,1.773353,0.961915
1.779600,0.964500,1.775393,0.962036
1.783800,0.964500,1.781070,0.961930
1.787900,0.964500,1.788828,0.962148
1.792100,0.964500,1.790905,0.962145
1.796300,0.964500,1.796124,0.962158
1.800400,0.964500,1.801311,0.962455
1.804600,0.964500,1.806072,0.962458
1.808800,0.964500,1.809851,0.962600
1.812900,0.964500,1.813694,0.962662
1.817100,0.964500,1.814608,0.962637
1.821200,0.964500,1.818538,0.962534
1.825400,0.964500,1.824713,0.962627
1.829600,0.964500,1.828858,0.962776
1.833700,0.964500,1.829871,0.962777
1.837900,0.964500,1.838675,0.962872
1.842100,0.964500,1.842407,0.963118
1.846200,0.964500,1.842896,0.963099
1.850000,0.650000,1.846866,0.963066
1.850000,0.650000,1.849981,0.963279
1.850000,0.650000,1.853904,0.963186
1.850000,0.650000,1.860962,0.963235
1.850000,0.650000,1.861846,0.963557
1.850000,0.650000,1.855422,0.966866
1.850000,0.650000,1.851884,0.970596
1.850000,0.650000,1.849839,0.974663
1.850000,0.650000,1.849292,0.978359
1.850000,0.650000,1.849521,0.980951
1.849531,0.974050,1.850285,0.983734
1.849536,0.970449,1.850505,0.984425
1.849541,0.966848,1.850457,0.984052
1.849547,0.963248,1.849486,0.981458
1.849552,0.959647,1.847135,0.976552
1.849557,0.956047,1.843946,0.967784
1.849562,0.952446,1.841645,0.961321
1.849568,0.948846,1.839331,0.954924
1.849573,0.945245,1.837338,0.948867
1.849578,0.941645,1.835218,0.939522
1.849583,0.938044,1.833361,0.931731
1.849588,0.934444,1.832640,0.927036
1.849594,0.930843,1.832332,0.925734
1.849599,0.927242,1.832388,0.925629
1.849604,0.923642,1.831821,0.919758
1.849609,0.920041,1.831659,0.917250
1.849614,0.916441,1.831521,0.916326
1.849620,0.912840,1.832152,0.908936
1.849625,0.909240,1.832388,0.905006
1.849630,0.905639,1.832630,0.902171
1.849635,0.902039,1.833181,0.898888
1.849640,0.898438,1.834037,0.894654
1.849646,0.894837,1.835075,0.889894
1.849651,0.891237,1.835891,0.887062
1.849656,0.887636,1.836941,0.883442
1.849661,0.884036,1.838694,0.876827
1.849671,0.877135,1.840534,0.871378
1.849681,0.870234,1.842295,0.866045
1.849691,0.863333,1.844041,0.861683
1.849701,0.856432,1.845179,0.858748
1.849711,0.849531,1.846186,0.856156
1.849721,0.842629,1.847574,0.853222
1.849731,0.835728,1.848823,0.849882
1.849741,0.828827,1.852464,0.841143
1.849751,0.821926,1.855735,0.832337
1.849761,0.815025,1.857940,0.825631
1.849771,0.808124,1.859620,0.818858
1.849781,0.801223,1.860943,0.811723
1.849791,0.794322,1.861876,0.801866
1.849801,0.787421,1.862446,0.793661
1.849811,0.780520,1.862740,0.786488
1.849821,0.773619,1.862793,0.778038
1.849831,0.766718,1.862312,0.768610
1.849841,0.759817,1.861698,0.759917
1.849851,0.752916,1.860546,0.750650
1.849861,0.746015,1.859689,0.744914
1.849871,0.739114,1.858709,0.738762
1.849881,0.732213,1.857265,0.732389
1.849891,0.725312,1.855897,0.725493
1.849901,0.718410,1.853960,0.715686
1.849911,0.711509,1.852199,0.709197
1.849921,0.704608,1.850723,0.701589
1.849931,0.697707,1.849119,0.695408
1.849941,0.690806,1.847888,0.689024
1.849951,0.683905,1.846217,0.683722
1.849961,0.677004,1.845490,0.676846
1.849971,0.670103,1.844323,0.669982
1.849981,0.663202,1.842962,0.661800
